cell,scevan_class,response
BD_immune03_676003,normal,MPR
BD_immune04_639050,normal,MPR
BD_immune11_759492,normal,MPR
BD_immune11_17759,normal,MPR
BD_immune11_880050,normal,MPR
BD_immune11_765009,normal,MPR
BD_immune11_414642,normal,MPR
BD_immune11_747329,normal,MPR
BD_immune12_174836,normal,MPR
BD_immune15_694272,normal,MPR
BD_immune03_407665,normal,MPR
BD_immune11_36226,normal,MPR
BD_immune15_760103,normal,MPR
BD_immune03_735829,normal,MPR
BD_immune03_697938,normal,MPR
BD_immune11_34677,normal,MPR
BD_immune11_702976,normal,MPR
BD_immune11_248823,normal,MPR
BD_immune12_612241,normal,MPR
BD_immune15_566461,normal,MPR
BD_immune15_282771,normal,MPR
BD_immune15_595835,normal,MPR
BD_immune15_854328,normal,MPR
BD_immune02_841503,normal,MPR
BD_immune02_650062,normal,MPR
BD_immune02_580235,normal,MPR
BD_immune02_277584,normal,MPR
BD_immune02_634340,normal,MPR
BD_immune02_73791,normal,MPR
BD_immune02_342916,normal,MPR
BD_immune02_13866,normal,MPR
BD_immune02_571486,normal,MPR
BD_immune02_335965,filtered,MPR
BD_immune03_3335,tumor,MPR
BD_immune03_641120,tumor,MPR
BD_immune03_698551,tumor,MPR
BD_immune03_167147,tumor,MPR
BD_immune03_800426,tumor,MPR
BD_immune03_75258,tumor,MPR
BD_immune03_675453,tumor,MPR
BD_immune03_25130,tumor,MPR
BD_immune03_522163,tumor,MPR
BD_immune03_477890,tumor,MPR
BD_immune03_650851,tumor,MPR
BD_immune03_748968,tumor,MPR
BD_immune03_156584,tumor,MPR
BD_immune03_433327,tumor,MPR
BD_immune03_75025,tumor,MPR
BD_immune03_639848,tumor,MPR
BD_immune03_826935,tumor,MPR
BD_immune03_828252,tumor,MPR
BD_immune03_729777,tumor,MPR
BD_immune03_766555,tumor,MPR
BD_immune03_272469,tumor,MPR
BD_immune03_656489,tumor,MPR
BD_immune03_690144,tumor,MPR
BD_immune03_184086,tumor,MPR
BD_immune03_701380,tumor,MPR
BD_immune03_158016,tumor,MPR
BD_immune03_36581,tumor,MPR
BD_immune03_189314,tumor,MPR
BD_immune03_715860,tumor,MPR
BD_immune03_839739,tumor,MPR
BD_immune03_433772,tumor,MPR
BD_immune03_626125,tumor,MPR
BD_immune03_570833,tumor,MPR
BD_immune03_739370,tumor,MPR
BD_immune03_171439,tumor,MPR
BD_immune03_53055,tumor,MPR
BD_immune03_417908,tumor,MPR
BD_immune03_763414,tumor,MPR
BD_immune03_406131,tumor,MPR
BD_immune03_293417,tumor,MPR
BD_immune03_533018,tumor,MPR
BD_immune03_524375,tumor,MPR
BD_immune03_549332,tumor,MPR
BD_immune03_858105,tumor,MPR
BD_immune03_225707,tumor,MPR
BD_immune03_191446,tumor,MPR
BD_immune03_243390,tumor,MPR
BD_immune03_235756,tumor,MPR
BD_immune03_795329,tumor,MPR
BD_immune03_176164,tumor,MPR
BD_immune03_720595,tumor,MPR
BD_immune03_359594,tumor,MPR
BD_immune03_496837,tumor,MPR
BD_immune03_42199,tumor,MPR
BD_immune03_129296,tumor,MPR
BD_immune03_111892,tumor,MPR
BD_immune03_254462,tumor,MPR
BD_immune03_19479,tumor,MPR
BD_immune03_102028,tumor,MPR
BD_immune03_507453,tumor,MPR
BD_immune03_754925,tumor,MPR
BD_immune03_202811,tumor,MPR
BD_immune03_5010,tumor,MPR
BD_immune03_30499,tumor,MPR
BD_immune03_466041,tumor,MPR
BD_immune03_481375,tumor,MPR
BD_immune03_760505,tumor,MPR
BD_immune03_378383,tumor,MPR
BD_immune03_229120,tumor,MPR
BD_immune03_299571,tumor,MPR
BD_immune03_795970,tumor,MPR
BD_immune03_8645,tumor,MPR
BD_immune03_774942,tumor,MPR
BD_immune03_720319,tumor,MPR
BD_immune03_213902,tumor,MPR
BD_immune03_766788,tumor,MPR
BD_immune03_718736,tumor,MPR
BD_immune03_682803,tumor,MPR
BD_immune03_152880,tumor,MPR
BD_immune03_839808,tumor,MPR
BD_immune03_400911,tumor,MPR
BD_immune03_722995,tumor,MPR
BD_immune03_637638,tumor,MPR
BD_immune03_72396,tumor,MPR
BD_immune03_782223,tumor,MPR
BD_immune03_696126,tumor,MPR
BD_immune03_592931,tumor,MPR
BD_immune03_492992,tumor,MPR
BD_immune03_317995,normal,MPR
BD_immune03_525157,tumor,MPR
BD_immune03_170978,tumor,MPR
BD_immune03_789637,tumor,MPR
BD_immune03_729828,tumor,MPR
BD_immune03_477067,tumor,MPR
BD_immune03_400474,tumor,MPR
BD_immune03_110517,tumor,MPR
BD_immune03_211657,tumor,MPR
BD_immune03_612565,tumor,MPR
BD_immune03_709503,tumor,MPR
BD_immune03_22409,tumor,MPR
BD_immune03_523217,tumor,MPR
BD_immune03_45478,tumor,MPR
BD_immune03_116393,tumor,MPR
BD_immune03_86853,tumor,MPR
BD_immune03_39021,tumor,MPR
BD_immune03_775198,tumor,MPR
BD_immune03_76497,tumor,MPR
BD_immune03_313567,tumor,MPR
BD_immune03_421629,tumor,MPR
BD_immune03_596904,tumor,MPR
BD_immune03_272116,tumor,MPR
BD_immune03_371066,tumor,MPR
BD_immune03_511504,tumor,MPR
BD_immune03_583,tumor,MPR
BD_immune03_151697,tumor,MPR
BD_immune03_228470,tumor,MPR
BD_immune03_518038,tumor,MPR
BD_immune03_433481,tumor,MPR
BD_immune03_433636,tumor,MPR
BD_immune03_176798,tumor,MPR
BD_immune03_477657,tumor,MPR
BD_immune03_254107,tumor,MPR
BD_immune03_7958,tumor,MPR
BD_immune03_768533,tumor,MPR
BD_immune03_279135,tumor,MPR
BD_immune03_176424,tumor,MPR
BD_immune03_775566,tumor,MPR
BD_immune03_378237,tumor,MPR
BD_immune03_357376,tumor,MPR
BD_immune03_30189,tumor,MPR
BD_immune03_716888,tumor,MPR
BD_immune03_590688,tumor,MPR
BD_immune03_610735,tumor,MPR
BD_immune03_752555,tumor,MPR
BD_immune03_589227,tumor,MPR
BD_immune03_483187,tumor,MPR
BD_immune03_834490,tumor,MPR
BD_immune03_698745,tumor,MPR
BD_immune03_496313,tumor,MPR
BD_immune03_761442,tumor,MPR
BD_immune03_271536,tumor,MPR
BD_immune03_562294,tumor,MPR
BD_immune03_865367,tumor,MPR
BD_immune03_783278,tumor,MPR
BD_immune03_99581,tumor,MPR
BD_immune03_566809,tumor,MPR
BD_immune03_704037,tumor,MPR
BD_immune03_54915,tumor,MPR
BD_immune03_815392,tumor,MPR
BD_immune03_117409,tumor,MPR
BD_immune03_21732,tumor,MPR
BD_immune03_877845,tumor,MPR
BD_immune03_546128,tumor,MPR
BD_immune03_408890,tumor,MPR
BD_immune03_613128,tumor,MPR
BD_immune03_186757,tumor,MPR
BD_immune03_756253,tumor,MPR
BD_immune03_379009,tumor,MPR
BD_immune03_78079,tumor,MPR
BD_immune03_580559,tumor,MPR
BD_immune03_814459,tumor,MPR
BD_immune03_442949,tumor,MPR
BD_immune03_544928,tumor,MPR
BD_immune03_498977,tumor,MPR
BD_immune03_398582,tumor,MPR
BD_immune03_160487,tumor,MPR
BD_immune03_65650,tumor,MPR
BD_immune03_600454,tumor,MPR
BD_immune03_733769,tumor,MPR
BD_immune03_88761,tumor,MPR
BD_immune03_146489,tumor,MPR
BD_immune03_731730,tumor,MPR
BD_immune03_176373,tumor,MPR
BD_immune03_772544,tumor,MPR
BD_immune03_658332,tumor,MPR
BD_immune03_419838,tumor,MPR
BD_immune03_357962,tumor,MPR
BD_immune03_135864,tumor,MPR
BD_immune03_671429,tumor,MPR
BD_immune03_684812,tumor,MPR
BD_immune03_500777,tumor,MPR
BD_immune03_559234,tumor,MPR
BD_immune03_814409,tumor,MPR
BD_immune03_811833,tumor,MPR
BD_immune03_50086,normal,MPR
BD_immune03_549757,tumor,MPR
BD_immune03_148871,tumor,MPR
BD_immune03_483762,tumor,MPR
BD_immune03_875430,tumor,MPR
BD_immune03_772551,tumor,MPR
BD_immune03_477697,tumor,MPR
BD_immune03_510038,tumor,MPR
BD_immune03_485516,tumor,MPR
BD_immune03_597286,tumor,MPR
BD_immune03_17559,tumor,MPR
BD_immune03_760051,tumor,MPR
BD_immune03_484510,tumor,MPR
BD_immune03_450884,tumor,MPR
BD_immune03_743313,tumor,MPR
BD_immune03_538826,tumor,MPR
BD_immune03_119691,tumor,MPR
BD_immune03_44130,tumor,MPR
BD_immune03_439346,tumor,MPR
BD_immune03_720612,tumor,MPR
BD_immune03_738028,tumor,MPR
BD_immune03_361698,tumor,MPR
BD_immune03_542600,tumor,MPR
BD_immune03_310561,tumor,MPR
BD_immune03_402523,tumor,MPR
BD_immune03_60539,tumor,MPR
BD_immune03_849195,tumor,MPR
BD_immune03_352095,tumor,MPR
BD_immune03_230289,tumor,MPR
BD_immune03_503828,tumor,MPR
BD_immune03_585381,tumor,MPR
BD_immune03_253065,tumor,MPR
BD_immune03_59075,tumor,MPR
BD_immune03_465073,tumor,MPR
BD_immune03_434774,tumor,MPR
BD_immune03_262763,tumor,MPR
BD_immune03_94857,tumor,MPR
BD_immune03_220635,tumor,MPR
BD_immune03_673092,tumor,MPR
BD_immune03_100871,tumor,MPR
BD_immune03_376426,tumor,MPR
BD_immune03_90682,tumor,MPR
BD_immune03_763659,tumor,MPR
BD_immune03_10583,tumor,MPR
BD_immune03_812450,tumor,MPR
BD_immune03_47503,tumor,MPR
BD_immune03_162280,tumor,MPR
BD_immune03_384887,tumor,MPR
BD_immune03_283884,tumor,MPR
BD_immune03_861844,tumor,MPR
BD_immune03_100501,tumor,MPR
BD_immune03_307321,tumor,MPR
BD_immune03_533793,tumor,MPR
BD_immune03_688133,tumor,MPR
BD_immune03_547067,tumor,MPR
BD_immune03_705215,tumor,MPR
BD_immune03_130709,tumor,MPR
BD_immune03_399711,tumor,MPR
BD_immune03_167991,tumor,MPR
BD_immune03_92546,tumor,MPR
BD_immune03_48117,tumor,MPR
BD_immune03_15669,tumor,MPR
BD_immune03_284046,tumor,MPR
BD_immune03_144316,tumor,MPR
BD_immune03_404205,tumor,MPR
BD_immune03_13050,tumor,MPR
BD_immune03_319377,tumor,MPR
BD_immune03_858972,tumor,MPR
BD_immune03_478072,tumor,MPR
BD_immune03_132750,tumor,MPR
BD_immune03_769233,tumor,MPR
BD_immune03_817341,tumor,MPR
BD_immune03_211361,tumor,MPR
BD_immune03_399602,tumor,MPR
BD_immune03_546799,tumor,MPR
BD_immune03_485733,tumor,MPR
BD_immune03_359646,tumor,MPR
BD_immune03_815124,tumor,MPR
BD_immune03_643558,tumor,MPR
BD_immune03_47684,normal,MPR
BD_immune03_687065,tumor,MPR
BD_immune03_765224,tumor,MPR
BD_immune03_292675,tumor,MPR
BD_immune03_642715,tumor,MPR
BD_immune03_64347,tumor,MPR
BD_immune03_837751,tumor,MPR
BD_immune03_51974,tumor,MPR
BD_immune03_121601,tumor,MPR
BD_immune03_206285,tumor,MPR
BD_immune03_26537,tumor,MPR
BD_immune03_696300,tumor,MPR
BD_immune03_549588,tumor,MPR
BD_immune03_548328,tumor,MPR
BD_immune03_535207,tumor,MPR
BD_immune03_743387,tumor,MPR
BD_immune03_393970,tumor,MPR
BD_immune03_734470,tumor,MPR
BD_immune03_120017,tumor,MPR
BD_immune03_723433,tumor,MPR
BD_immune03_535533,tumor,MPR
BD_immune03_646780,tumor,MPR
BD_immune03_40314,tumor,MPR
BD_immune03_648454,tumor,MPR
BD_immune03_358973,tumor,MPR
BD_immune03_536063,tumor,MPR
BD_immune03_798197,tumor,MPR
BD_immune03_744851,tumor,MPR
BD_immune03_264242,tumor,MPR
BD_immune03_684716,tumor,MPR
BD_immune03_411078,tumor,MPR
BD_immune03_551089,tumor,MPR
BD_immune03_122509,tumor,MPR
BD_immune03_859397,tumor,MPR
BD_immune03_252023,tumor,MPR
BD_immune03_451843,tumor,MPR
BD_immune03_746151,tumor,MPR
BD_immune03_442313,tumor,MPR
BD_immune03_653932,tumor,MPR
BD_immune03_679286,tumor,MPR
BD_immune03_783512,tumor,MPR
BD_immune03_462111,tumor,MPR
BD_immune03_693369,tumor,MPR
BD_immune03_737541,tumor,MPR
BD_immune03_870226,tumor,MPR
BD_immune03_541120,tumor,MPR
BD_immune03_191902,tumor,MPR
BD_immune03_548975,tumor,MPR
BD_immune03_165321,tumor,MPR
BD_immune03_759907,tumor,MPR
BD_immune03_270133,tumor,MPR
BD_immune03_172805,tumor,MPR
BD_immune03_615271,tumor,MPR
BD_immune03_717536,tumor,MPR
BD_immune03_637041,normal,MPR
BD_immune03_432206,tumor,MPR
BD_immune03_599766,tumor,MPR
BD_immune03_164628,tumor,MPR
BD_immune03_261720,tumor,MPR
BD_immune03_876207,tumor,MPR
BD_immune03_199274,tumor,MPR
BD_immune03_424493,tumor,MPR
BD_immune03_53606,tumor,MPR
BD_immune03_278780,tumor,MPR
BD_immune03_745171,tumor,MPR
BD_immune03_106576,tumor,MPR
BD_immune03_21406,tumor,MPR
BD_immune03_473768,tumor,MPR
BD_immune03_835127,tumor,MPR
BD_immune03_731484,normal,MPR
BD_immune03_122162,tumor,MPR
BD_immune03_203362,tumor,MPR
BD_immune03_445856,tumor,MPR
BD_immune03_662860,tumor,MPR
BD_immune03_412575,tumor,MPR
BD_immune03_531375,tumor,MPR
BD_immune03_332506,tumor,MPR
BD_immune03_404173,tumor,MPR
BD_immune03_604856,tumor,MPR
BD_immune03_279821,tumor,MPR
BD_immune03_811253,tumor,MPR
BD_immune03_658762,tumor,MPR
BD_immune03_825158,tumor,MPR
BD_immune03_188086,tumor,MPR
BD_immune03_764079,tumor,MPR
BD_immune03_379752,tumor,MPR
BD_immune03_857401,tumor,MPR
BD_immune03_589180,tumor,MPR
BD_immune03_736038,tumor,MPR
BD_immune03_386850,normal,MPR
BD_immune03_72103,tumor,MPR
BD_immune03_712669,tumor,MPR
BD_immune03_857095,tumor,MPR
BD_immune03_682940,tumor,MPR
BD_immune03_871084,tumor,MPR
BD_immune03_745130,tumor,MPR
BD_immune03_18025,tumor,MPR
BD_immune03_861179,tumor,MPR
BD_immune03_62786,tumor,MPR
BD_immune03_309875,tumor,MPR
BD_immune03_485305,tumor,MPR
BD_immune03_698635,tumor,MPR
BD_immune03_450484,tumor,MPR
BD_immune03_21904,tumor,MPR
BD_immune03_264427,tumor,MPR
BD_immune03_188194,tumor,MPR
BD_immune03_129881,tumor,MPR
BD_immune03_879651,tumor,MPR
BD_immune03_73201,tumor,MPR
BD_immune03_36749,tumor,MPR
BD_immune03_629469,tumor,MPR
BD_immune03_812182,tumor,MPR
BD_immune03_799194,normal,MPR
BD_immune03_612427,tumor,MPR
BD_immune03_785902,tumor,MPR
BD_immune03_383068,tumor,MPR
BD_immune03_726383,tumor,MPR
BD_immune03_35097,tumor,MPR
BD_immune03_305029,tumor,MPR
BD_immune03_238580,normal,MPR
BD_immune03_341896,tumor,MPR
BD_immune03_523985,filtered,MPR
BD_immune03_494344,tumor,MPR
BD_immune03_440723,tumor,MPR
BD_immune03_180569,tumor,MPR
BD_immune03_862092,tumor,MPR
BD_immune03_843264,normal,MPR
BD_immune03_717585,tumor,MPR
BD_immune03_214939,tumor,MPR
BD_immune03_191785,tumor,MPR
BD_immune03_57114,tumor,MPR
BD_immune03_675680,tumor,MPR
BD_immune03_864756,tumor,MPR
BD_immune03_594129,tumor,MPR
BD_immune03_289538,tumor,MPR
BD_immune03_540577,tumor,MPR
BD_immune03_541986,tumor,MPR
BD_immune03_93942,tumor,MPR
BD_immune03_588453,tumor,MPR
BD_immune03_297081,tumor,MPR
BD_immune03_631632,tumor,MPR
BD_immune03_218592,tumor,MPR
BD_immune03_6914,normal,MPR
BD_immune03_322469,tumor,MPR
BD_immune03_431451,tumor,MPR
BD_immune03_53502,tumor,MPR
BD_immune03_646720,filtered,MPR
BD_immune03_649733,tumor,MPR
BD_immune03_882602,tumor,MPR
BD_immune03_762561,tumor,MPR
BD_immune03_177635,tumor,MPR
BD_immune03_237098,tumor,MPR
BD_immune03_381940,normal,MPR
BD_immune03_510199,normal,MPR
BD_immune03_818447,filtered,MPR
BD_immune03_52497,tumor,MPR
BD_immune03_509878,tumor,MPR
BD_immune03_721622,tumor,MPR
BD_immune03_845563,tumor,MPR
BD_immune03_234717,tumor,MPR
BD_immune03_734130,tumor,MPR
BD_immune03_322683,tumor,MPR
BD_immune03_444502,tumor,MPR
BD_immune03_300019,tumor,MPR
BD_immune03_816380,tumor,MPR
BD_immune03_23422,filtered,MPR
BD_immune03_576054,tumor,MPR
BD_immune03_5768,filtered,MPR
BD_immune03_563384,tumor,MPR
BD_immune03_133637,tumor,MPR
BD_immune03_647940,tumor,MPR
BD_immune03_566713,tumor,MPR
BD_immune03_767573,tumor,MPR
BD_immune03_757170,tumor,MPR
BD_immune03_210257,tumor,MPR
BD_immune03_411761,tumor,MPR
BD_immune03_371054,tumor,MPR
BD_immune03_242930,tumor,MPR
BD_immune03_882339,tumor,MPR
BD_immune03_657565,tumor,MPR
BD_immune03_104899,tumor,MPR
BD_immune03_14947,tumor,MPR
BD_immune03_766297,tumor,MPR
BD_immune03_800285,tumor,MPR
BD_immune03_613243,tumor,MPR
BD_immune03_480368,tumor,MPR
BD_immune03_67504,tumor,MPR
BD_immune03_458596,tumor,MPR
BD_immune03_55699,normal,MPR
BD_immune03_361199,tumor,MPR
BD_immune03_168410,tumor,MPR
BD_immune03_196465,tumor,MPR
BD_immune03_265570,tumor,MPR
BD_immune03_371850,tumor,MPR
BD_immune03_883538,tumor,MPR
BD_immune03_655011,tumor,MPR
BD_immune03_88047,tumor,MPR
BD_immune03_449049,tumor,MPR
BD_immune03_541039,tumor,MPR
BD_immune03_339231,tumor,MPR
BD_immune03_338359,tumor,MPR
BD_immune03_727841,tumor,MPR
BD_immune03_430637,tumor,MPR
BD_immune03_74541,normal,MPR
BD_immune03_126139,tumor,MPR
BD_immune03_279622,tumor,MPR
BD_immune03_138113,tumor,MPR
BD_immune03_793302,tumor,MPR
BD_immune03_756629,tumor,MPR
BD_immune03_360603,normal,MPR
BD_immune03_233885,tumor,MPR
BD_immune03_501031,tumor,MPR
BD_immune03_337442,tumor,MPR
BD_immune03_755647,tumor,MPR
BD_immune03_350243,tumor,MPR
BD_immune03_358779,tumor,MPR
BD_immune03_124833,tumor,MPR
BD_immune03_439886,tumor,MPR
BD_immune03_881505,tumor,MPR
BD_immune03_820668,normal,MPR
BD_immune03_460144,tumor,MPR
BD_immune03_227982,normal,MPR
BD_immune03_1431,normal,MPR
BD_immune03_733242,tumor,MPR
BD_immune03_8808,tumor,MPR
BD_immune03_62820,tumor,MPR
BD_immune03_555621,tumor,MPR
BD_immune03_588674,tumor,MPR
BD_immune03_821672,tumor,MPR
BD_immune03_57194,normal,MPR
BD_immune03_325865,tumor,MPR
BD_immune03_75445,tumor,MPR
BD_immune03_556761,tumor,MPR
BD_immune03_81307,normal,MPR
BD_immune03_724441,tumor,MPR
BD_immune03_715604,tumor,MPR
BD_immune03_874882,tumor,MPR
BD_immune03_753623,tumor,MPR
BD_immune03_847118,tumor,MPR
BD_immune03_244564,tumor,MPR
BD_immune03_376677,tumor,MPR
BD_immune03_867225,tumor,MPR
BD_immune03_634668,normal,MPR
BD_immune03_562215,tumor,MPR
BD_immune03_616094,normal,MPR
BD_immune03_592068,tumor,MPR
BD_immune03_460064,tumor,MPR
BD_immune03_129389,normal,MPR
BD_immune03_794082,tumor,MPR
BD_immune03_609218,tumor,MPR
BD_immune03_677823,normal,MPR
BD_immune03_747054,tumor,MPR
BD_immune03_877014,tumor,MPR
BD_immune03_297659,filtered,MPR
BD_immune03_690459,tumor,MPR
BD_immune03_509162,tumor,MPR
BD_immune03_107714,tumor,MPR
BD_immune03_833248,normal,MPR
BD_immune03_605648,normal,MPR
BD_immune03_598870,normal,MPR
BD_immune03_849264,tumor,MPR
BD_immune03_522326,tumor,MPR
BD_immune03_143260,normal,MPR
BD_immune03_315640,tumor,MPR
BD_immune03_296978,tumor,MPR
BD_immune03_61879,normal,MPR
BD_immune03_176336,tumor,MPR
BD_immune03_122998,tumor,MPR
BD_immune03_8786,normal,MPR
BD_immune03_788290,tumor,MPR
BD_immune03_248350,normal,MPR
BD_immune03_363479,normal,MPR
BD_immune03_524132,tumor,MPR
BD_immune03_242960,tumor,MPR
BD_immune03_422195,tumor,MPR
BD_immune03_680787,tumor,MPR
BD_immune03_63271,normal,MPR
BD_immune03_9196,tumor,MPR
BD_immune03_362788,normal,MPR
BD_immune03_723770,normal,MPR
BD_immune03_388582,normal,MPR
BD_immune03_829838,normal,MPR
BD_immune03_855588,tumor,MPR
BD_immune03_141370,normal,MPR
BD_immune03_594085,normal,MPR
BD_immune03_22349,normal,MPR
BD_immune03_698089,normal,MPR
BD_immune03_685879,normal,MPR
BD_immune03_516905,normal,MPR
BD_immune03_576449,normal,MPR
BD_immune03_711995,normal,MPR
BD_immune03_738486,normal,MPR
BD_immune03_479724,tumor,MPR
BD_immune03_144995,normal,MPR
BD_immune03_380019,normal,MPR
BD_immune03_109107,normal,MPR
BD_immune03_58079,normal,MPR
BD_immune03_490597,normal,MPR
BD_immune03_198237,normal,MPR
BD_immune03_317885,normal,MPR
BD_immune03_389078,normal,MPR
BD_immune03_239446,tumor,MPR
BD_immune03_719961,normal,MPR
BD_immune03_439546,normal,MPR
BD_immune03_337281,normal,MPR
BD_immune03_676358,normal,MPR
BD_immune03_827670,normal,MPR
BD_immune03_688047,normal,MPR
BD_immune03_620367,normal,MPR
BD_immune03_799415,normal,MPR
BD_immune03_592102,normal,MPR
BD_immune03_605834,normal,MPR
BD_immune03_850167,normal,MPR
BD_immune03_558353,normal,MPR
BD_immune03_542457,normal,MPR
BD_immune03_319776,normal,MPR
BD_immune03_496704,normal,MPR
BD_immune03_384150,normal,MPR
BD_immune03_665808,normal,MPR
BD_immune03_129144,normal,MPR
BD_immune03_451296,normal,MPR
BD_immune03_162979,normal,MPR
BD_immune03_210814,normal,MPR
BD_immune03_518500,normal,MPR
BD_immune03_197719,normal,MPR
BD_immune03_797433,normal,MPR
BD_immune03_488481,normal,MPR
BD_immune03_57265,normal,MPR
BD_immune03_595410,normal,MPR
BD_immune03_653278,normal,MPR
BD_immune03_524603,normal,MPR
BD_immune03_535928,normal,MPR
BD_immune03_273768,normal,MPR
BD_immune03_428111,normal,MPR
BD_immune03_684545,normal,MPR
BD_immune03_151452,normal,MPR
BD_immune03_15605,normal,MPR
BD_immune03_688512,normal,MPR
BD_immune03_181030,normal,MPR
BD_immune03_730911,normal,MPR
BD_immune03_568403,normal,MPR
BD_immune03_854149,normal,MPR
BD_immune03_302418,normal,MPR
BD_immune03_697391,normal,MPR
BD_immune03_107908,normal,MPR
BD_immune03_264615,normal,MPR
BD_immune03_105583,normal,MPR
BD_immune03_133295,normal,MPR
BD_immune03_402155,normal,MPR
BD_immune03_460622,normal,MPR
BD_immune03_741565,normal,MPR
BD_immune03_2736,normal,MPR
BD_immune03_309520,normal,MPR
BD_immune03_856168,normal,MPR
BD_immune03_400849,normal,MPR
BD_immune03_224696,normal,MPR
BD_immune03_37954,normal,MPR
BD_immune03_707364,normal,MPR
BD_immune03_34419,normal,MPR
BD_immune03_205235,normal,MPR
BD_immune03_794780,normal,MPR
BD_immune03_217314,normal,MPR
BD_immune03_848024,normal,MPR
BD_immune03_293744,normal,MPR
BD_immune03_64313,normal,MPR
BD_immune03_312194,normal,MPR
BD_immune03_778181,filtered,MPR
BD_immune03_457439,normal,MPR
BD_immune03_624379,normal,MPR
BD_immune03_455820,normal,MPR
BD_immune03_339517,normal,MPR
BD_immune03_201660,normal,MPR
BD_immune03_692647,normal,MPR
BD_immune03_290861,normal,MPR
BD_immune03_750471,normal,MPR
BD_immune03_836890,normal,MPR
BD_immune03_386888,normal,MPR
BD_immune03_1827,normal,MPR
BD_immune03_475883,normal,MPR
BD_immune03_420676,normal,MPR
BD_immune03_840556,normal,MPR
BD_immune03_325485,normal,MPR
BD_immune03_752680,normal,MPR
BD_immune03_381771,normal,MPR
BD_immune03_498406,normal,MPR
BD_immune03_91394,normal,MPR
BD_immune03_513447,normal,MPR
BD_immune03_800859,normal,MPR
BD_immune03_795817,normal,MPR
BD_immune03_81421,normal,MPR
BD_immune03_694373,normal,MPR
BD_immune03_278484,normal,MPR
BD_immune03_510434,normal,MPR
BD_immune03_184035,normal,MPR
BD_immune03_78080,normal,MPR
BD_immune03_576735,normal,MPR
BD_immune03_621254,normal,MPR
BD_immune03_720989,normal,MPR
BD_immune03_567803,normal,MPR
BD_immune03_558210,normal,MPR
BD_immune03_731749,normal,MPR
BD_immune03_433141,normal,MPR
BD_immune03_637323,normal,MPR
BD_immune03_785325,normal,MPR
BD_immune03_167801,normal,MPR
BD_immune03_39610,normal,MPR
BD_immune03_433105,normal,MPR
BD_immune03_159591,normal,MPR
BD_immune03_239364,normal,MPR
BD_immune03_821545,normal,MPR
BD_immune03_824055,normal,MPR
BD_immune03_220624,normal,MPR
BD_immune03_593206,normal,MPR
BD_immune03_466612,normal,MPR
BD_immune03_146105,normal,MPR
BD_immune03_302402,filtered,MPR
BD_immune03_460617,filtered,MPR
BD_immune03_822666,filtered,MPR
BD_immune03_36915,normal,MPR
BD_immune03_114453,normal,MPR
BD_immune03_621203,normal,MPR
BD_immune03_211973,normal,MPR
BD_immune03_588729,normal,MPR
BD_immune03_246795,normal,MPR
BD_immune03_595413,normal,MPR
BD_immune03_179501,normal,MPR
BD_immune03_643231,normal,MPR
BD_immune03_487664,filtered,MPR
BD_immune03_511216,filtered,MPR
BD_immune03_848065,normal,MPR
BD_immune03_383672,normal,MPR
BD_immune03_439021,normal,MPR
BD_immune03_214953,normal,MPR
BD_immune03_36176,normal,MPR
BD_immune03_329648,normal,MPR
BD_immune03_211062,normal,MPR
BD_immune03_314675,normal,MPR
BD_immune03_165927,normal,MPR
BD_immune03_68104,normal,MPR
BD_immune03_507713,normal,MPR
BD_immune03_544522,normal,MPR
BD_immune03_65724,normal,MPR
BD_immune03_372269,filtered,MPR
BD_immune03_859827,normal,MPR
BD_immune03_52169,normal,MPR
BD_immune03_542493,filtered,MPR
BD_immune03_860254,normal,MPR
BD_immune03_672263,normal,MPR
BD_immune03_766683,normal,MPR
BD_immune03_812145,normal,MPR
BD_immune03_322655,normal,MPR
BD_immune03_522533,normal,MPR
BD_immune03_162501,normal,MPR
BD_immune03_188103,filtered,MPR
BD_immune03_43110,normal,MPR
BD_immune03_62996,normal,MPR
BD_immune03_146594,normal,MPR
BD_immune03_640169,normal,MPR
BD_immune03_796026,normal,MPR
BD_immune03_670826,normal,MPR
BD_immune03_523138,normal,MPR
BD_immune03_759567,filtered,MPR
BD_immune03_72924,normal,MPR
BD_immune03_559413,filtered,MPR
BD_immune03_884172,normal,MPR
BD_immune03_470727,normal,MPR
BD_immune03_428847,normal,MPR
BD_immune03_830705,filtered,MPR
BD_immune03_747818,normal,MPR
BD_immune03_481078,filtered,MPR
BD_immune03_152402,normal,MPR
BD_immune03_217762,normal,MPR
BD_immune03_115149,normal,MPR
BD_immune03_121224,filtered,MPR
BD_immune03_120151,normal,MPR
BD_immune03_701859,filtered,MPR
BD_immune03_597244,filtered,MPR
BD_immune03_218294,filtered,MPR
BD_immune03_727244,filtered,MPR
BD_immune03_286075,normal,MPR
BD_immune03_613399,filtered,MPR
BD_immune03_187399,normal,MPR
BD_immune03_44539,normal,MPR
BD_immune03_705637,normal,MPR
BD_immune03_689053,normal,MPR
BD_immune03_796658,normal,MPR
BD_immune03_357644,filtered,MPR
BD_immune03_780204,normal,MPR
BD_immune03_208158,filtered,MPR
BD_immune03_540987,normal,MPR
BD_immune03_516903,filtered,MPR
BD_immune03_832654,normal,MPR
BD_immune03_637206,normal,MPR
BD_immune03_83746,filtered,MPR
BD_immune03_738958,normal,MPR
BD_immune03_850555,normal,MPR
BD_immune03_840885,normal,MPR
BD_immune03_30433,normal,MPR
BD_immune03_69073,filtered,MPR
BD_immune03_392731,normal,MPR
BD_immune03_317989,normal,MPR
BD_immune03_283923,filtered,MPR
BD_immune03_717422,filtered,MPR
BD_immune03_849854,filtered,MPR
BD_immune03_114811,normal,MPR
BD_immune03_71950,normal,MPR
BD_immune03_440973,filtered,MPR
BD_immune03_798039,filtered,MPR
BD_immune03_388977,filtered,MPR
BD_immune03_313720,filtered,MPR
BD_immune03_354368,filtered,MPR
BD_immune03_402535,filtered,MPR
BD_immune03_232657,filtered,MPR
BD_immune03_751912,filtered,MPR
BD_immune03_187437,filtered,MPR
BD_immune03_414773,filtered,MPR
BD_immune03_692650,filtered,MPR
BD_immune03_209185,normal,MPR
BD_immune03_49877,filtered,MPR
BD_immune03_188964,normal,MPR
BD_immune03_826754,normal,MPR
BD_immune03_287603,normal,MPR
BD_immune03_210691,filtered,MPR
BD_immune03_61413,filtered,MPR
BD_immune03_140120,filtered,MPR
BD_immune03_662179,filtered,MPR
BD_immune03_360360,normal,MPR
BD_immune03_383391,normal,MPR
BD_immune03_102353,filtered,MPR
BD_immune03_30472,filtered,MPR
BD_immune03_427661,normal,MPR
BD_immune03_156791,filtered,MPR
BD_immune03_629781,filtered,MPR
BD_immune03_406157,filtered,MPR
BD_immune03_753882,filtered,MPR
BD_immune03_186961,normal,MPR
BD_immune03_375879,filtered,MPR
BD_immune03_707713,normal,MPR
BD_immune03_829276,filtered,MPR
BD_immune03_203490,filtered,MPR
BD_immune03_117481,normal,MPR
BD_immune03_777311,filtered,MPR
BD_immune03_785031,normal,MPR
BD_immune03_371789,filtered,MPR
BD_immune03_6672,filtered,MPR
BD_immune03_198348,filtered,MPR
BD_immune03_216169,filtered,MPR
BD_immune03_375649,filtered,MPR
BD_immune03_67993,normal,MPR
BD_immune03_801242,normal,MPR
BD_immune03_393298,normal,MPR
BD_immune03_645938,filtered,MPR
BD_immune03_649301,filtered,MPR
BD_immune03_296245,filtered,MPR
BD_immune03_545775,filtered,MPR
BD_immune03_877161,filtered,MPR
BD_immune03_163252,normal,MPR
BD_immune03_75060,filtered,MPR
BD_immune03_179064,filtered,MPR
BD_immune03_589013,filtered,MPR
BD_immune03_249721,filtered,MPR
BD_immune03_91091,filtered,MPR
BD_immune03_741367,normal,MPR
BD_immune03_750624,filtered,MPR
BD_immune03_24158,normal,MPR
BD_immune03_839659,filtered,MPR
BD_immune03_484355,filtered,MPR
BD_immune03_852802,filtered,MPR
BD_immune03_334693,filtered,MPR
BD_immune03_711196,filtered,MPR
BD_immune03_395151,normal,MPR
BD_immune03_438085,normal,MPR
BD_immune03_39071,filtered,MPR
BD_immune03_689163,filtered,MPR
BD_immune03_858951,filtered,MPR
BD_immune03_563501,filtered,MPR
BD_immune03_594287,filtered,MPR
BD_immune03_247819,normal,MPR
BD_immune03_362217,filtered,MPR
BD_immune03_164957,filtered,MPR
BD_immune03_607292,filtered,MPR
BD_immune03_331530,normal,MPR
BD_immune03_625958,filtered,MPR
BD_immune03_637571,filtered,MPR
BD_immune03_211525,filtered,MPR
BD_immune03_524535,normal,MPR
BD_immune03_700745,normal,MPR
BD_immune03_245750,normal,MPR
BD_immune03_683237,filtered,MPR
BD_immune03_385026,normal,MPR
BD_immune03_795383,filtered,MPR
BD_immune03_277733,filtered,MPR
BD_immune03_586175,normal,MPR
BD_immune03_171159,normal,MPR
BD_immune03_96643,filtered,MPR
BD_immune03_114479,filtered,MPR
BD_immune03_533625,normal,MPR
BD_immune03_794625,normal,MPR
BD_immune03_630240,normal,MPR
BD_immune03_303046,normal,MPR
BD_immune03_212180,filtered,MPR
BD_immune03_574934,filtered,MPR
BD_immune03_859117,normal,MPR
BD_immune03_86135,filtered,MPR
BD_immune03_11950,filtered,MPR
BD_immune03_80903,normal,MPR
BD_immune03_417863,filtered,MPR
BD_immune03_339662,filtered,MPR
BD_immune03_16347,filtered,MPR
BD_immune03_377972,filtered,MPR
BD_immune03_465970,filtered,MPR
BD_immune03_666681,filtered,MPR
BD_immune03_80679,filtered,MPR
BD_immune03_449131,filtered,MPR
BD_immune03_508122,filtered,MPR
BD_immune03_42689,filtered,MPR
BD_immune03_856372,filtered,MPR
BD_immune03_16108,filtered,MPR
BD_immune03_867748,filtered,MPR
BD_immune03_509911,filtered,MPR
BD_immune03_321833,filtered,MPR
BD_immune03_150289,normal,MPR
BD_immune03_831970,filtered,MPR
BD_immune03_208095,filtered,MPR
BD_immune03_32391,normal,MPR
BD_immune03_191567,normal,MPR
BD_immune03_873689,filtered,MPR
BD_immune03_157152,filtered,MPR
BD_immune03_233040,normal,MPR
BD_immune03_609855,filtered,MPR
BD_immune03_846261,normal,MPR
BD_immune03_372819,filtered,MPR
BD_immune03_350899,filtered,MPR
BD_immune03_380593,filtered,MPR
BD_immune03_759341,filtered,MPR
BD_immune03_865994,filtered,MPR
BD_immune03_539320,normal,MPR
BD_immune03_357260,filtered,MPR
BD_immune03_454248,filtered,MPR
BD_immune03_792727,filtered,MPR
BD_immune03_660199,filtered,MPR
BD_immune03_706956,normal,MPR
BD_immune03_204732,filtered,MPR
BD_immune03_515038,normal,MPR
BD_immune03_16256,filtered,MPR
BD_immune03_88133,filtered,MPR
BD_immune03_755387,filtered,MPR
BD_immune03_771025,normal,MPR
BD_immune03_747079,filtered,MPR
BD_immune03_438920,filtered,MPR
BD_immune03_606055,normal,MPR
BD_immune03_658856,filtered,MPR
BD_immune03_312225,filtered,MPR
BD_immune03_649410,filtered,MPR
BD_immune03_107263,filtered,MPR
BD_immune03_615952,filtered,MPR
BD_immune03_75305,filtered,MPR
BD_immune03_201473,filtered,MPR
BD_immune03_723368,filtered,MPR
BD_immune03_452627,normal,MPR
BD_immune03_413677,filtered,MPR
BD_immune03_723420,filtered,MPR
BD_immune03_225945,filtered,MPR
BD_immune03_389177,filtered,MPR
BD_immune03_424712,filtered,MPR
BD_immune03_668261,filtered,MPR
BD_immune03_768552,filtered,MPR
BD_immune03_189057,filtered,MPR
BD_immune03_275643,filtered,MPR
BD_immune03_432218,filtered,MPR
BD_immune03_298581,filtered,MPR
BD_immune03_474150,normal,MPR
BD_immune03_519566,filtered,MPR
BD_immune03_297521,filtered,MPR
BD_immune03_47441,filtered,MPR
BD_immune03_700190,filtered,MPR
BD_immune03_352581,normal,MPR
BD_immune03_27828,filtered,MPR
BD_immune03_393915,filtered,MPR
BD_immune03_801339,filtered,MPR
BD_immune03_291202,filtered,MPR
BD_immune03_828357,filtered,MPR
BD_immune03_466327,filtered,MPR
BD_immune03_283492,filtered,MPR
BD_immune03_865635,filtered,MPR
BD_immune03_424586,filtered,MPR
BD_immune03_652158,filtered,MPR
BD_immune03_94744,filtered,MPR
BD_immune03_356256,filtered,MPR
BD_immune03_110391,filtered,MPR
BD_immune03_276619,filtered,MPR
BD_immune03_6532,normal,MPR
BD_immune03_817167,filtered,MPR
BD_immune03_398053,filtered,MPR
BD_immune03_504193,filtered,MPR
BD_immune03_94030,filtered,MPR
BD_immune03_728101,filtered,MPR
BD_immune03_553522,filtered,MPR
BD_immune03_122518,filtered,MPR
BD_immune03_825766,filtered,MPR
BD_immune03_81833,filtered,MPR
BD_immune03_52368,filtered,MPR
BD_immune03_430884,filtered,MPR
BD_immune03_381794,filtered,MPR
BD_immune03_172645,filtered,MPR
BD_immune03_188858,filtered,MPR
BD_immune03_872564,filtered,MPR
BD_immune03_583571,normal,MPR
BD_immune03_787011,filtered,MPR
BD_immune03_516551,filtered,MPR
BD_immune03_237013,filtered,MPR
BD_immune03_840296,filtered,MPR
BD_immune03_396994,normal,MPR
BD_immune03_43021,filtered,MPR
BD_immune03_157835,filtered,MPR
BD_immune03_41894,filtered,MPR
BD_immune03_528116,normal,MPR
BD_immune03_660825,filtered,MPR
BD_immune03_202852,filtered,MPR
BD_immune03_74995,filtered,MPR
BD_immune03_97993,filtered,MPR
BD_immune03_93317,normal,MPR
BD_immune03_650167,filtered,MPR
BD_immune03_208940,filtered,MPR
BD_immune03_41408,filtered,MPR
BD_immune03_870376,filtered,MPR
BD_immune03_365299,filtered,MPR
BD_immune03_746680,filtered,MPR
BD_immune03_381263,filtered,MPR
BD_immune03_204427,filtered,MPR
BD_immune03_281113,filtered,MPR
BD_immune03_237709,filtered,MPR
BD_immune03_234479,filtered,MPR
BD_immune03_25460,filtered,MPR
BD_immune03_53620,filtered,MPR
BD_immune03_458856,filtered,MPR
BD_immune03_756170,filtered,MPR
BD_immune03_492975,normal,MPR
BD_immune03_295407,filtered,MPR
BD_immune03_662690,filtered,MPR
BD_immune03_2784,filtered,MPR
BD_immune03_365160,filtered,MPR
BD_immune03_97018,filtered,MPR
BD_immune03_793451,filtered,MPR
BD_immune03_305014,filtered,MPR
BD_immune03_740362,filtered,MPR
BD_immune03_233879,filtered,MPR
BD_immune03_218892,normal,MPR
BD_immune03_845949,filtered,MPR
BD_immune03_170710,filtered,MPR
BD_immune03_720361,filtered,MPR
BD_immune03_558882,filtered,MPR
BD_immune03_276056,filtered,MPR
BD_immune03_859514,filtered,MPR
BD_immune03_760919,filtered,MPR
BD_immune03_91701,filtered,MPR
BD_immune03_119216,filtered,MPR
BD_immune03_276039,filtered,MPR
BD_immune03_822881,filtered,MPR
BD_immune03_754903,filtered,MPR
BD_immune03_779120,filtered,MPR
BD_immune03_779725,filtered,MPR
BD_immune03_775526,filtered,MPR
BD_immune03_842545,filtered,MPR
BD_immune03_786372,filtered,MPR
BD_immune03_80338,filtered,MPR
BD_immune03_285096,filtered,MPR
BD_immune03_393221,filtered,MPR
BD_immune03_488071,filtered,MPR
BD_immune03_806677,filtered,MPR
BD_immune03_145237,filtered,MPR
BD_immune03_716633,filtered,MPR
BD_immune03_26142,filtered,MPR
BD_immune03_597953,filtered,MPR
BD_immune03_825385,filtered,MPR
BD_immune03_816490,filtered,MPR
BD_immune03_356361,filtered,MPR
BD_immune03_830790,filtered,MPR
BD_immune03_804543,filtered,MPR
BD_immune03_616421,filtered,MPR
BD_immune03_368603,filtered,MPR
BD_immune03_129864,normal,MPR
BD_immune03_868148,filtered,MPR
BD_immune03_710745,filtered,MPR
BD_immune03_441265,filtered,MPR
BD_immune03_504716,filtered,MPR
BD_immune03_586749,filtered,MPR
BD_immune03_632803,filtered,MPR
BD_immune03_369978,filtered,MPR
BD_immune03_651896,filtered,MPR
BD_immune03_606072,filtered,MPR
BD_immune03_279199,filtered,MPR
BD_immune03_216907,filtered,MPR
BD_immune03_303037,filtered,MPR
BD_immune03_793715,normal,MPR
BD_immune03_436539,filtered,MPR
BD_immune03_352076,filtered,MPR
BD_immune03_79604,filtered,MPR
BD_immune03_847508,filtered,MPR
BD_immune03_709183,filtered,MPR
BD_immune03_648479,filtered,MPR
BD_immune03_244261,filtered,MPR
BD_immune03_777609,filtered,MPR
BD_immune03_575993,filtered,MPR
BD_immune03_363606,filtered,MPR
BD_immune04_397649,normal,MPR
BD_immune04_354997,normal,MPR
BD_immune04_300317,normal,MPR
BD_immune04_809126,normal,MPR
BD_immune04_361365,normal,MPR
BD_immune04_173384,normal,MPR
BD_immune04_28325,normal,MPR
BD_immune04_527847,normal,MPR
BD_immune04_322601,normal,MPR
BD_immune04_252496,filtered,MPR
BD_immune04_794140,normal,MPR
BD_immune07_436631,normal,MPR
BD_immune07_796242,normal,MPR
BD_immune11_78177,normal,MPR
BD_immune11_578717,normal,MPR
BD_immune11_624002,normal,MPR
BD_immune11_127184,normal,MPR
BD_immune11_465550,normal,MPR
BD_immune11_129854,normal,MPR
BD_immune11_864475,normal,MPR
BD_immune11_655868,normal,MPR
BD_immune11_741571,normal,MPR
BD_immune11_594514,normal,MPR
BD_immune11_430145,normal,MPR
BD_immune11_834286,normal,MPR
BD_immune11_714781,normal,MPR
BD_immune11_517070,normal,MPR
BD_immune11_435036,normal,MPR
BD_immune11_585794,normal,MPR
BD_immune11_387986,normal,MPR
BD_immune11_585313,normal,MPR
BD_immune11_851522,normal,MPR
BD_immune11_111584,normal,MPR
BD_immune11_728668,normal,MPR
BD_immune11_496681,normal,MPR
BD_immune11_769451,normal,MPR
BD_immune11_506169,normal,MPR
BD_immune11_376321,normal,MPR
BD_immune11_807506,normal,MPR
BD_immune11_709930,normal,MPR
BD_immune11_591231,normal,MPR
BD_immune11_324928,normal,MPR
BD_immune11_32838,normal,MPR
BD_immune11_591232,normal,MPR
BD_immune11_98367,normal,MPR
BD_immune11_688050,normal,MPR
BD_immune11_456616,normal,MPR
BD_immune11_797208,normal,MPR
BD_immune11_524136,normal,MPR
BD_immune11_52398,normal,MPR
BD_immune11_636890,normal,MPR
BD_immune11_173014,normal,MPR
BD_immune11_38494,normal,MPR
BD_immune11_66903,normal,MPR
BD_immune11_104179,normal,MPR
BD_immune11_295685,normal,MPR
BD_immune11_14693,normal,MPR
BD_immune11_455608,normal,MPR
BD_immune11_465297,normal,MPR
BD_immune11_675786,normal,MPR
BD_immune11_513452,normal,MPR
BD_immune11_150201,normal,MPR
BD_immune11_671271,normal,MPR
BD_immune11_448450,normal,MPR
BD_immune11_158447,normal,MPR
BD_immune11_358858,normal,MPR
BD_immune11_47918,normal,MPR
BD_immune11_436879,normal,MPR
BD_immune11_233240,normal,MPR
BD_immune11_305407,normal,MPR
BD_immune11_174871,normal,MPR
BD_immune11_818712,normal,MPR
BD_immune11_665043,normal,MPR
BD_immune11_800298,normal,MPR
BD_immune11_15235,normal,MPR
BD_immune11_382510,normal,MPR
BD_immune11_418392,normal,MPR
BD_immune11_734263,normal,MPR
BD_immune11_95035,normal,MPR
BD_immune11_617113,normal,MPR
BD_immune11_112914,normal,MPR
BD_immune11_382703,normal,MPR
BD_immune11_448391,normal,MPR
BD_immune11_728900,normal,MPR
BD_immune11_492361,normal,MPR
BD_immune11_125012,normal,MPR
BD_immune11_635903,normal,MPR
BD_immune11_248087,normal,MPR
BD_immune11_839316,normal,MPR
BD_immune11_833827,normal,MPR
BD_immune11_380435,normal,MPR
BD_immune11_582593,normal,MPR
BD_immune11_622608,normal,MPR
BD_immune11_150970,normal,MPR
BD_immune11_498493,normal,MPR
BD_immune11_414783,normal,MPR
BD_immune11_65855,normal,MPR
BD_immune11_722101,normal,MPR
BD_immune11_725971,normal,MPR
BD_immune11_825889,normal,MPR
BD_immune11_442523,normal,MPR
BD_immune11_61982,normal,MPR
BD_immune11_882059,normal,MPR
BD_immune11_638589,normal,MPR
BD_immune11_730775,normal,MPR
BD_immune11_1429,normal,MPR
BD_immune11_816422,normal,MPR
BD_immune11_70104,normal,MPR
BD_immune11_41387,normal,MPR
BD_immune11_7131,normal,MPR
BD_immune11_877867,normal,MPR
BD_immune11_487890,normal,MPR
BD_immune11_354081,normal,MPR
BD_immune11_546898,normal,MPR
BD_immune11_419734,normal,MPR
BD_immune11_802374,normal,MPR
BD_immune11_88695,normal,MPR
BD_immune11_233313,normal,MPR
BD_immune11_746268,normal,MPR
BD_immune11_357182,normal,MPR
BD_immune11_233804,normal,MPR
BD_immune11_2285,normal,MPR
BD_immune11_848730,normal,MPR
BD_immune11_402531,normal,MPR
BD_immune11_119670,normal,MPR
BD_immune11_373333,normal,MPR
BD_immune11_245707,normal,MPR
BD_immune11_90592,normal,MPR
BD_immune11_8857,normal,MPR
BD_immune11_620021,normal,MPR
BD_immune11_872534,normal,MPR
BD_immune11_116239,normal,MPR
BD_immune11_496667,normal,MPR
BD_immune11_172824,normal,MPR
BD_immune11_466536,normal,MPR
BD_immune11_99323,normal,MPR
BD_immune11_241411,normal,MPR
BD_immune11_525212,normal,MPR
BD_immune11_863832,normal,MPR
BD_immune11_426386,normal,MPR
BD_immune11_871409,normal,MPR
BD_immune11_807795,normal,MPR
BD_immune11_355788,normal,MPR
BD_immune11_770299,normal,MPR
BD_immune11_166152,normal,MPR
BD_immune11_301340,normal,MPR
BD_immune11_236910,normal,MPR
BD_immune11_342313,normal,MPR
BD_immune11_499164,normal,MPR
BD_immune11_142421,normal,MPR
BD_immune11_356021,normal,MPR
BD_immune11_755192,normal,MPR
BD_immune11_535977,normal,MPR
BD_immune11_646441,normal,MPR
BD_immune11_153420,normal,MPR
BD_immune11_706217,normal,MPR
BD_immune11_788399,normal,MPR
BD_immune11_417135,normal,MPR
BD_immune11_398221,normal,MPR
BD_immune11_498670,normal,MPR
BD_immune11_687048,normal,MPR
BD_immune11_844330,normal,MPR
BD_immune11_59879,normal,MPR
BD_immune11_34209,normal,MPR
BD_immune11_424411,normal,MPR
BD_immune11_819239,normal,MPR
BD_immune11_89351,normal,MPR
BD_immune11_646451,normal,MPR
BD_immune11_436644,normal,MPR
BD_immune11_233942,normal,MPR
BD_immune11_353334,normal,MPR
BD_immune11_721954,normal,MPR
BD_immune11_263208,normal,MPR
BD_immune11_287140,normal,MPR
BD_immune11_115816,normal,MPR
BD_immune11_874426,normal,MPR
BD_immune11_530325,normal,MPR
BD_immune11_156190,normal,MPR
BD_immune11_478753,normal,MPR
BD_immune11_443354,normal,MPR
BD_immune11_779629,normal,MPR
BD_immune11_390723,normal,MPR
BD_immune11_305525,normal,MPR
BD_immune11_140062,normal,MPR
BD_immune11_857982,normal,MPR
BD_immune11_215452,normal,MPR
BD_immune11_20676,normal,MPR
BD_immune11_122662,normal,MPR
BD_immune11_463155,normal,MPR
BD_immune11_354113,normal,MPR
BD_immune11_89352,normal,MPR
BD_immune11_570891,normal,MPR
BD_immune11_604003,normal,MPR
BD_immune11_565026,normal,MPR
BD_immune11_517833,normal,MPR
BD_immune11_79210,normal,MPR
BD_immune11_645010,normal,MPR
BD_immune11_138877,normal,MPR
BD_immune11_519710,normal,MPR
BD_immune11_141938,normal,MPR
BD_immune11_582755,normal,MPR
BD_immune11_852199,normal,MPR
BD_immune11_191820,normal,MPR
BD_immune11_162836,normal,MPR
BD_immune11_73376,normal,MPR
BD_immune11_73348,normal,MPR
BD_immune11_514597,normal,MPR
BD_immune11_824522,normal,MPR
BD_immune11_661951,normal,MPR
BD_immune11_866065,normal,MPR
BD_immune11_256984,normal,MPR
BD_immune11_243467,normal,MPR
BD_immune11_50320,normal,MPR
BD_immune11_767373,normal,MPR
BD_immune11_603143,normal,MPR
BD_immune11_824510,normal,MPR
BD_immune11_797833,normal,MPR
BD_immune11_286058,normal,MPR
BD_immune11_253222,normal,MPR
BD_immune11_730603,normal,MPR
BD_immune11_533839,normal,MPR
BD_immune11_158309,normal,MPR
BD_immune11_455337,normal,MPR
BD_immune11_494425,normal,MPR
BD_immune11_460410,normal,MPR
BD_immune11_260569,normal,MPR
BD_immune11_165577,normal,MPR
BD_immune11_365453,normal,MPR
BD_immune11_11846,normal,MPR
BD_immune11_64475,normal,MPR
BD_immune11_37375,normal,MPR
BD_immune11_690629,normal,MPR
BD_immune11_853762,normal,MPR
BD_immune11_53351,normal,MPR
BD_immune11_63626,normal,MPR
BD_immune11_845777,normal,MPR
BD_immune11_560386,normal,MPR
BD_immune11_477525,normal,MPR
BD_immune11_783489,normal,MPR
BD_immune11_843037,normal,MPR
BD_immune11_568249,normal,MPR
BD_immune11_402595,normal,MPR
BD_immune11_207845,normal,MPR
BD_immune11_385482,normal,MPR
BD_immune11_856686,normal,MPR
BD_immune11_253438,normal,MPR
BD_immune11_373619,normal,MPR
BD_immune11_408883,normal,MPR
BD_immune11_408225,normal,MPR
BD_immune11_137305,normal,MPR
BD_immune11_476332,normal,MPR
BD_immune11_234873,normal,MPR
BD_immune11_9947,normal,MPR
BD_immune11_131460,normal,MPR
BD_immune11_748250,normal,MPR
BD_immune11_820879,normal,MPR
BD_immune11_877334,normal,MPR
BD_immune11_231930,normal,MPR
BD_immune11_686119,normal,MPR
BD_immune11_395744,normal,MPR
BD_immune11_129041,normal,MPR
BD_immune11_189395,normal,MPR
BD_immune11_230454,normal,MPR
BD_immune11_578189,normal,MPR
BD_immune11_551719,normal,MPR
BD_immune11_234230,normal,MPR
BD_immune11_388616,normal,MPR
BD_immune11_765107,normal,MPR
BD_immune11_186194,normal,MPR
BD_immune11_277219,normal,MPR
BD_immune11_708051,normal,MPR
BD_immune11_384156,normal,MPR
BD_immune11_117835,normal,MPR
BD_immune11_672030,normal,MPR
BD_immune11_125948,normal,MPR
BD_immune11_404598,normal,MPR
BD_immune11_432245,normal,MPR
BD_immune11_197401,normal,MPR
BD_immune11_368662,normal,MPR
BD_immune11_800031,normal,MPR
BD_immune11_754807,normal,MPR
BD_immune11_207187,normal,MPR
BD_immune11_647814,normal,MPR
BD_immune11_31730,normal,MPR
BD_immune11_168548,normal,MPR
BD_immune11_84697,normal,MPR
BD_immune11_1093,normal,MPR
BD_immune11_759039,normal,MPR
BD_immune11_462643,normal,MPR
BD_immune11_216811,normal,MPR
BD_immune11_104504,normal,MPR
BD_immune11_19457,normal,MPR
BD_immune11_873872,normal,MPR
BD_immune11_42,normal,MPR
BD_immune11_793580,normal,MPR
BD_immune11_700850,normal,MPR
BD_immune11_382133,normal,MPR
BD_immune11_82811,normal,MPR
BD_immune11_805083,normal,MPR
BD_immune11_393445,normal,MPR
BD_immune11_499478,normal,MPR
BD_immune11_579363,normal,MPR
BD_immune11_169117,normal,MPR
BD_immune11_374691,normal,MPR
BD_immune11_503419,normal,MPR
BD_immune11_384223,normal,MPR
BD_immune11_26643,normal,MPR
BD_immune11_625306,normal,MPR
BD_immune11_296602,normal,MPR
BD_immune11_628802,normal,MPR
BD_immune11_535923,normal,MPR
BD_immune11_432504,normal,MPR
BD_immune11_62127,normal,MPR
BD_immune11_143949,normal,MPR
BD_immune11_773863,normal,MPR
BD_immune11_171633,normal,MPR
BD_immune11_657058,normal,MPR
BD_immune11_227705,normal,MPR
BD_immune11_880965,normal,MPR
BD_immune11_643492,normal,MPR
BD_immune11_783724,normal,MPR
BD_immune11_744234,normal,MPR
BD_immune11_111230,normal,MPR
BD_immune11_759577,normal,MPR
BD_immune11_59125,normal,MPR
BD_immune11_339280,normal,MPR
BD_immune11_46496,normal,MPR
BD_immune11_615347,normal,MPR
BD_immune11_834914,normal,MPR
BD_immune11_347230,normal,MPR
BD_immune11_255529,normal,MPR
BD_immune11_204979,normal,MPR
BD_immune11_671052,normal,MPR
BD_immune11_140341,normal,MPR
BD_immune11_314738,normal,MPR
BD_immune11_747856,normal,MPR
BD_immune11_677292,normal,MPR
BD_immune11_868231,normal,MPR
BD_immune11_491921,normal,MPR
BD_immune11_851398,normal,MPR
BD_immune11_240635,normal,MPR
BD_immune11_87647,normal,MPR
BD_immune11_227739,normal,MPR
BD_immune11_132995,normal,MPR
BD_immune11_638417,normal,MPR
BD_immune11_800569,normal,MPR
BD_immune11_390908,normal,MPR
BD_immune11_332153,normal,MPR
BD_immune11_32316,filtered,MPR
BD_immune11_449986,normal,MPR
BD_immune11_773809,normal,MPR
BD_immune11_5678,normal,MPR
BD_immune11_766428,filtered,MPR
BD_immune11_663724,filtered,MPR
BD_immune12_347497,normal,MPR
BD_immune12_770597,normal,MPR
BD_immune12_435307,normal,MPR
BD_immune12_794646,normal,MPR
BD_immune12_487429,normal,MPR
BD_immune12_373941,normal,MPR
BD_immune12_241771,normal,MPR
BD_immune12_432275,normal,MPR
BD_immune12_707488,normal,MPR
BD_immune12_772414,normal,MPR
BD_immune12_605279,normal,MPR
BD_immune12_809503,normal,MPR
BD_immune12_345386,normal,MPR
BD_immune12_115619,normal,MPR
BD_immune12_87408,normal,MPR
BD_immune12_474762,normal,MPR
BD_immune12_161584,normal,MPR
BD_immune12_65192,normal,MPR
BD_immune12_700435,normal,MPR
BD_immune12_136734,normal,MPR
BD_immune12_883714,normal,MPR
BD_immune12_508351,normal,MPR
BD_immune12_485318,normal,MPR
BD_immune12_255726,normal,MPR
BD_immune12_472802,normal,MPR
BD_immune12_602666,normal,MPR
BD_immune12_332776,normal,MPR
BD_immune12_672441,normal,MPR
BD_immune12_184681,normal,MPR
BD_immune12_142312,normal,MPR
BD_immune12_576569,normal,MPR
BD_immune12_104410,normal,MPR
BD_immune12_517420,normal,MPR
BD_immune12_443865,normal,MPR
BD_immune12_688790,normal,MPR
BD_immune12_856035,normal,MPR
BD_immune12_161631,normal,MPR
BD_immune12_567735,normal,MPR
BD_immune12_214307,normal,MPR
BD_immune12_652233,normal,MPR
BD_immune12_24826,normal,MPR
BD_immune12_206917,normal,MPR
BD_immune12_267025,normal,MPR
BD_immune12_416906,normal,MPR
BD_immune12_430775,normal,MPR
BD_immune12_444223,normal,MPR
BD_immune12_374877,normal,MPR
BD_immune12_146886,normal,MPR
BD_immune12_700276,normal,MPR
BD_immune12_564314,filtered,MPR
BD_immune13_39365,normal,MPR
BD_immune14_558280,normal,MPR
BD_immune14_647651,normal,MPR
BD_immune14_486333,normal,MPR
BD_immune14_425767,normal,MPR
BD_immune14_662536,normal,MPR
BD_immune14_653962,normal,MPR
BD_immune14_843297,normal,MPR
BD_immune14_799760,normal,MPR
BD_immune14_573048,normal,MPR
BD_immune14_540649,normal,MPR
BD_immune14_477134,normal,MPR
BD_immune14_68493,normal,MPR
BD_immune14_844765,normal,MPR
BD_immune14_647325,normal,MPR
BD_immune14_828505,normal,MPR
BD_immune14_505664,normal,MPR
BD_immune14_411892,normal,MPR
BD_immune14_533330,normal,MPR
BD_immune14_874713,normal,MPR
BD_immune14_623031,normal,MPR
BD_immune14_532013,normal,MPR
BD_immune14_2495,normal,MPR
BD_immune14_206004,normal,MPR
BD_immune14_68312,normal,MPR
BD_immune14_815490,normal,MPR
BD_immune14_622700,normal,MPR
BD_immune14_42112,normal,MPR
BD_immune14_48989,normal,MPR
BD_immune14_312909,normal,MPR
BD_immune14_604591,normal,MPR
BD_immune14_679768,normal,MPR
BD_immune14_182776,normal,MPR
BD_immune14_79961,normal,MPR
BD_immune14_375322,normal,MPR
BD_immune14_551142,normal,MPR
BD_immune14_781868,normal,MPR
BD_immune14_40314,normal,MPR
BD_immune14_522363,normal,MPR
BD_immune14_634157,tumor,MPR
BD_immune14_711711,normal,MPR
BD_immune14_703899,normal,MPR
BD_immune14_240162,normal,MPR
BD_immune14_153489,normal,MPR
BD_immune14_787243,normal,MPR
BD_immune14_479440,normal,MPR
BD_immune14_141831,normal,MPR
BD_immune14_181950,normal,MPR
BD_immune14_385869,normal,MPR
BD_immune14_751788,normal,MPR
BD_immune14_882277,normal,MPR
BD_immune14_109363,normal,MPR
BD_immune14_778400,normal,MPR
BD_immune14_246806,normal,MPR
BD_immune14_266198,normal,MPR
BD_immune14_764109,normal,MPR
BD_immune14_712942,normal,MPR
BD_immune14_706655,normal,MPR
BD_immune14_171750,normal,MPR
BD_immune14_364733,normal,MPR
BD_immune14_768991,normal,MPR
BD_immune14_338290,normal,MPR
BD_immune14_697684,normal,MPR
BD_immune14_296461,normal,MPR
BD_immune14_695818,normal,MPR
BD_immune14_625531,normal,MPR
BD_immune14_381194,normal,MPR
BD_immune14_454305,normal,MPR
BD_immune14_572827,normal,MPR
BD_immune14_431363,normal,MPR
BD_immune14_464089,normal,MPR
BD_immune14_563968,normal,MPR
BD_immune14_164388,normal,MPR
BD_immune14_78618,normal,MPR
BD_immune14_591717,normal,MPR
BD_immune14_48926,normal,MPR
BD_immune14_452523,normal,MPR
BD_immune14_856109,normal,MPR
BD_immune14_486953,normal,MPR
BD_immune14_11794,normal,MPR
BD_immune14_332519,normal,MPR
BD_immune14_777286,normal,MPR
BD_immune14_88178,normal,MPR
BD_immune14_72607,normal,MPR
BD_immune14_862325,normal,MPR
BD_immune14_386052,normal,MPR
BD_immune14_601230,normal,MPR
BD_immune14_244736,normal,MPR
BD_immune14_865742,normal,MPR
BD_immune14_306487,normal,MPR
BD_immune14_270629,normal,MPR
BD_immune14_307396,normal,MPR
BD_immune14_97882,normal,MPR
BD_immune14_505733,normal,MPR
BD_immune14_327746,normal,MPR
BD_immune14_225446,normal,MPR
BD_immune14_319390,normal,MPR
BD_immune14_294203,normal,MPR
BD_immune14_659950,normal,MPR
BD_immune14_487621,normal,MPR
BD_immune14_351752,normal,MPR
BD_immune14_560049,normal,MPR
BD_immune14_397636,normal,MPR
BD_immune14_492354,normal,MPR
BD_immune14_258026,normal,MPR
BD_immune14_680671,normal,MPR
BD_immune14_717151,normal,MPR
BD_immune14_698522,normal,MPR
BD_immune14_805741,normal,MPR
BD_immune14_170840,normal,MPR
BD_immune14_293819,normal,MPR
BD_immune14_205968,normal,MPR
BD_immune14_721910,normal,MPR
BD_immune14_134165,normal,MPR
BD_immune14_408863,normal,MPR
BD_immune14_608673,normal,MPR
BD_immune14_729061,normal,MPR
BD_immune14_692820,normal,MPR
BD_immune14_124827,normal,MPR
BD_immune14_671606,normal,MPR
BD_immune14_789585,normal,MPR
BD_immune14_654785,normal,MPR
BD_immune14_830241,normal,MPR
BD_immune14_823775,normal,MPR
BD_immune14_784725,normal,MPR
BD_immune14_793575,normal,MPR
BD_immune14_450154,normal,MPR
BD_immune14_721967,normal,MPR
BD_immune14_194349,normal,MPR
BD_immune14_294009,normal,MPR
BD_immune14_315400,normal,MPR
BD_immune14_876157,normal,MPR
BD_immune14_402022,normal,MPR
BD_immune14_523855,normal,MPR
BD_immune14_57479,normal,MPR
BD_immune14_838818,normal,MPR
BD_immune14_671706,normal,MPR
BD_immune14_475703,normal,MPR
BD_immune14_553739,normal,MPR
BD_immune14_723607,normal,MPR
BD_immune14_210298,normal,MPR
BD_immune14_637075,normal,MPR
BD_immune14_572965,normal,MPR
BD_immune14_431395,normal,MPR
BD_immune14_281950,normal,MPR
BD_immune14_519812,normal,MPR
BD_immune14_679454,normal,MPR
BD_immune14_709579,normal,MPR
BD_immune14_240509,normal,MPR
BD_immune14_573354,normal,MPR
BD_immune14_143073,normal,MPR
BD_immune14_252961,normal,MPR
BD_immune14_504424,normal,MPR
BD_immune14_799252,normal,MPR
BD_immune14_590844,normal,MPR
BD_immune14_283944,normal,MPR
BD_immune14_55693,normal,MPR
BD_immune14_732736,normal,MPR
BD_immune14_538300,normal,MPR
BD_immune14_851755,normal,MPR
BD_immune14_470913,normal,MPR
BD_immune14_635890,normal,MPR
BD_immune14_439312,normal,MPR
BD_immune14_436957,normal,MPR
BD_immune14_361340,normal,MPR
BD_immune14_572604,normal,MPR
BD_immune14_223775,normal,MPR
BD_immune14_764317,normal,MPR
BD_immune14_128126,normal,MPR
BD_immune14_75980,normal,MPR
BD_immune14_596657,normal,MPR
BD_immune14_851458,normal,MPR
BD_immune14_281560,normal,MPR
BD_immune14_811281,filtered,MPR
BD_immune14_723492,normal,MPR
BD_immune14_504512,normal,MPR
BD_immune14_532178,normal,MPR
BD_immune14_395182,normal,MPR
BD_immune14_879190,normal,MPR
BD_immune14_829151,normal,MPR
BD_immune14_601542,normal,MPR
BD_immune14_6093,filtered,MPR
BD_immune14_141869,normal,MPR
BD_immune14_834822,normal,MPR
BD_immune14_853782,normal,MPR
BD_immune14_603643,filtered,MPR
BD_immune14_690113,filtered,MPR
BD_immune15_425901,normal,MPR
BD_immune15_730534,normal,MPR
BD_immune15_182945,normal,MPR
BD_immune15_716454,normal,MPR
BD_immune15_217527,normal,MPR
BD_immune15_172422,normal,MPR
BD_immune15_850540,normal,MPR
BD_immune15_320639,normal,MPR
BD_immune15_270336,normal,MPR
BD_immune15_127864,normal,MPR
BD_immune15_735723,normal,MPR
BD_immune15_852140,normal,MPR
BD_immune15_346445,normal,MPR
BD_immune15_218558,normal,MPR
BD_immune15_399664,normal,MPR
BD_immune15_516665,normal,MPR
BD_immune15_139372,normal,MPR
BD_immune15_864594,normal,MPR
BD_immune15_651368,normal,MPR
BD_immune15_6748,normal,MPR
BD_immune15_752216,normal,MPR
BD_immune15_3758,normal,MPR
BD_immune15_247072,normal,MPR
BD_immune15_430040,normal,MPR
BD_immune15_28900,normal,MPR
BD_immune15_305040,normal,MPR
BD_immune15_182005,normal,MPR
BD_immune15_430052,normal,MPR
BD_immune15_762511,normal,MPR
BD_immune15_297523,normal,MPR
BD_immune15_482173,normal,MPR
BD_immune15_451356,normal,MPR
BD_immune15_172808,normal,MPR
BD_immune15_681879,normal,MPR
BD_immune15_330399,normal,MPR
BD_immune15_9343,normal,MPR
BD_immune15_44632,normal,MPR
BD_immune15_49470,normal,MPR
BD_immune15_490799,normal,MPR
BD_immune15_296500,normal,MPR
BD_immune15_303995,normal,MPR
BD_immune15_756421,normal,MPR
BD_immune15_478215,normal,MPR
BD_immune15_234861,normal,MPR
BD_immune15_279133,normal,MPR
BD_immune15_819301,normal,MPR
BD_immune15_262976,normal,MPR
BD_immune15_625255,normal,MPR
BD_immune15_522632,normal,MPR
BD_immune15_454574,normal,MPR
BD_immune15_771423,normal,MPR
BD_immune15_391053,normal,MPR
BD_immune15_743970,normal,MPR
BD_immune15_334078,normal,MPR
BD_immune15_173039,normal,MPR
BD_immune15_53101,normal,MPR
BD_immune15_25994,normal,MPR
BD_immune15_703199,normal,MPR
BD_immune15_161844,normal,MPR
BD_immune15_817148,normal,MPR
BD_immune15_226074,normal,MPR
BD_immune15_89246,normal,MPR
BD_immune15_254973,normal,MPR
BD_immune15_611385,normal,MPR
BD_immune15_443175,normal,MPR
BD_immune15_476018,normal,MPR
BD_immune15_307971,normal,MPR
BD_immune15_316730,normal,MPR
BD_immune15_808896,normal,MPR
BD_immune15_340292,normal,MPR
BD_immune15_63122,normal,MPR
BD_immune15_250693,normal,MPR
BD_immune15_590202,normal,MPR
BD_immune15_150783,normal,MPR
BD_immune15_101810,normal,MPR
BD_immune15_636560,normal,MPR
BD_immune15_412134,normal,MPR
BD_immune15_476680,normal,MPR
BD_immune15_396367,normal,MPR
BD_immune15_333227,normal,MPR
BD_immune15_692880,normal,MPR
BD_immune15_527333,normal,MPR
BD_immune15_320223,normal,MPR
BD_immune15_9475,normal,MPR
BD_immune15_450924,normal,MPR
BD_immune15_184518,normal,MPR
BD_immune15_882196,normal,MPR
BD_immune15_269107,normal,MPR
BD_immune15_171646,normal,MPR
BD_immune15_3982,normal,MPR
BD_immune15_78112,normal,MPR
BD_immune15_221847,normal,MPR
BD_immune15_117369,normal,MPR
BD_immune15_737463,normal,MPR
BD_immune15_396037,normal,MPR
BD_immune15_761832,normal,MPR
BD_immune15_595178,normal,MPR
BD_immune15_394517,normal,MPR
BD_immune15_248262,normal,MPR
BD_immune15_639533,normal,MPR
BD_immune15_63173,normal,MPR
BD_immune15_366755,normal,MPR
BD_immune15_178914,normal,MPR
BD_immune15_612147,normal,MPR
BD_immune15_834727,normal,MPR
BD_immune15_572535,normal,MPR
BD_immune15_875093,normal,MPR
BD_immune15_654577,normal,MPR
BD_immune15_503793,normal,MPR
BD_immune15_256682,normal,MPR
BD_immune15_138701,normal,MPR
BD_immune15_31435,normal,MPR
BD_immune15_637030,normal,MPR
BD_immune15_19962,normal,MPR
BD_immune15_206837,normal,MPR
BD_immune15_528297,normal,MPR
BD_immune15_529438,normal,MPR
BD_immune15_646895,normal,MPR
BD_immune15_50158,normal,MPR
BD_immune15_38400,filtered,MPR
BD_immune15_603233,normal,MPR
BD_immune15_541606,normal,MPR
BD_immune15_645599,normal,MPR
BD_immune15_429657,normal,MPR
BD_immune15_334962,normal,MPR
BD_immune15_228416,normal,MPR
BD_immune15_478884,normal,MPR
BD_immune15_522628,normal,MPR
BD_immune15_325615,normal,MPR
BD_immune15_825730,normal,MPR
BD_immune15_870703,normal,MPR
BD_immune15_426255,normal,MPR
BD_immune15_619364,normal,MPR
BD_immune15_727488,normal,MPR
BD_immune15_620803,normal,MPR
BD_immune15_413230,normal,MPR
BD_immune15_205747,normal,MPR
BD_immune15_252746,normal,MPR
BD_immune15_681904,normal,MPR
BD_immune15_123040,normal,MPR
BD_immune15_296485,normal,MPR
BD_immune15_484620,normal,MPR
BD_immune15_374255,normal,MPR
BD_immune15_493727,normal,MPR
BD_immune15_456821,normal,MPR
BD_immune15_399033,normal,MPR
BD_immune15_722389,normal,MPR
BD_immune15_703490,filtered,MPR
BD_immune15_381817,filtered,MPR
BD_immune03_410068,normal,MPR
BD_immune11_594190,normal,MPR
BD_immune11_637603,normal,MPR
