source,cd8_state,response,mean_activity
CIITA,CD8.TEX,MPR,9.44004618255076
CIITA,CD8.TEX,non-MPR,9.8544886264741
CIITA,CD8.TEX,pCR,8.92407735994077
CIITA,CD8.TPEX,MPR,8.86194335579488
CIITA,CD8.TPEX,non-MPR,9.40536494274461
CIITA,CD8.TPEX,pCR,8.6036989190323
DAXX,CD8.TEX,MPR,-3.40592512208512
DAXX,CD8.TEX,non-MPR,-3.45262228938288
DAXX,CD8.TEX,pCR,-4.28077024722918
DAXX,CD8.TPEX,MPR,-4.45866195313395
DAXX,CD8.TPEX,non-MPR,-3.78985229676819
DAXX,CD8.TPEX,pCR,-5.20589200667989
E2F1,CD8.TEX,MPR,4.07166925413819
E2F1,CD8.TEX,non-MPR,4.26752919307797
E2F1,CD8.TEX,pCR,4.19631694369052
E2F1,CD8.TPEX,MPR,4.36995897364365
E2F1,CD8.TPEX,non-MPR,4.67610186971208
E2F1,CD8.TPEX,pCR,4.59961568940678
E2F4,CD8.TEX,MPR,5.29530669903932
E2F4,CD8.TEX,non-MPR,5.98216013918232
E2F4,CD8.TEX,pCR,5.40623216939515
E2F4,CD8.TPEX,MPR,5.2891217631622
E2F4,CD8.TPEX,non-MPR,6.30092028399239
E2F4,CD8.TPEX,pCR,5.56634997733054
ELK4,CD8.TEX,MPR,5.24872051659287
ELK4,CD8.TEX,non-MPR,4.31541985197863
ELK4,CD8.TEX,pCR,4.27457334976596
ELK4,CD8.TPEX,MPR,5.97863046100801
ELK4,CD8.TPEX,non-MPR,5.45019507062137
ELK4,CD8.TPEX,pCR,5.066926191683
HSF1,CD8.TEX,MPR,8.07013179293793
HSF1,CD8.TEX,non-MPR,9.64101470657939
HSF1,CD8.TEX,pCR,10.8785057994377
HSF1,CD8.TPEX,MPR,9.58706205069147
HSF1,CD8.TPEX,non-MPR,11.4872022590917
HSF1,CD8.TPEX,pCR,11.8961680039533
HSF2,CD8.TEX,MPR,5.66041042292886
HSF2,CD8.TEX,non-MPR,7.29986294593666
HSF2,CD8.TEX,pCR,8.13068278646827
HSF2,CD8.TPEX,MPR,6.2085340263504
HSF2,CD8.TPEX,non-MPR,8.63523765588715
HSF2,CD8.TPEX,pCR,8.83332144821319
MLXIP,CD8.TEX,MPR,3.65576031368307
MLXIP,CD8.TEX,non-MPR,3.67628692571998
MLXIP,CD8.TEX,pCR,5.0467042299946
MLXIP,CD8.TPEX,MPR,3.44082747584511
MLXIP,CD8.TPEX,non-MPR,3.95928638233658
MLXIP,CD8.TPEX,pCR,5.79201632946649
MYC,CD8.TEX,MPR,23.3334714409708
MYC,CD8.TEX,non-MPR,24.1442306442365
MYC,CD8.TEX,pCR,23.7476412893314
MYC,CD8.TPEX,MPR,24.312294034446
MYC,CD8.TPEX,non-MPR,25.6142522745762
MYC,CD8.TPEX,pCR,24.3210529717049
NFKB,CD8.TEX,MPR,13.3906516404696
NFKB,CD8.TEX,non-MPR,14.0640458080705
NFKB,CD8.TEX,pCR,13.6523091003438
NFKB,CD8.TPEX,MPR,14.6425823661358
NFKB,CD8.TPEX,non-MPR,14.9146405348364
NFKB,CD8.TPEX,pCR,13.8536472947581
NFKB1,CD8.TEX,MPR,10.6869233102839
NFKB1,CD8.TEX,non-MPR,11.2985474378966
NFKB1,CD8.TEX,pCR,11.164555943842
NFKB1,CD8.TPEX,MPR,11.4059714745162
NFKB1,CD8.TPEX,non-MPR,12.0047973473668
NFKB1,CD8.TPEX,pCR,11.2545002123191
NFYB,CD8.TEX,MPR,7.75934673991968
NFYB,CD8.TEX,non-MPR,8.72423956943285
NFYB,CD8.TEX,pCR,8.73489647532212
NFYB,CD8.TPEX,MPR,7.55303950168326
NFYB,CD8.TPEX,non-MPR,9.0914674969338
NFYB,CD8.TPEX,pCR,8.95957727099099
NFYC,CD8.TEX,MPR,4.42431655289616
NFYC,CD8.TEX,non-MPR,5.46080019875763
NFYC,CD8.TEX,pCR,6.17663998171433
NFYC,CD8.TPEX,MPR,4.5873094847898
NFYC,CD8.TPEX,non-MPR,6.23085974780622
NFYC,CD8.TPEX,pCR,6.73841226994483
RELA,CD8.TEX,MPR,11.5084626641705
RELA,CD8.TEX,non-MPR,12.1965475016488
RELA,CD8.TEX,pCR,12.2707717984504
RELA,CD8.TPEX,MPR,12.4772608932819
RELA,CD8.TPEX,non-MPR,13.1466907914335
RELA,CD8.TPEX,pCR,12.763428019505
RFX5,CD8.TEX,MPR,6.58326297118068
RFX5,CD8.TEX,non-MPR,6.84837307031325
RFX5,CD8.TEX,pCR,5.64495111792011
RFX5,CD8.TPEX,MPR,5.51109737505029
RFX5,CD8.TPEX,non-MPR,6.02939959320909
RFX5,CD8.TPEX,pCR,5.0415294860883
RFXANK,CD8.TEX,MPR,6.85143963706491
RFXANK,CD8.TEX,non-MPR,7.12273793067121
RFXANK,CD8.TEX,pCR,5.69918684774661
RFXANK,CD8.TPEX,MPR,5.77616906042945
RFXANK,CD8.TPEX,non-MPR,6.14892794739906
RFXANK,CD8.TPEX,pCR,4.92703991747175
RFXAP,CD8.TEX,MPR,6.48017753879148
RFXAP,CD8.TEX,non-MPR,6.73380448387743
RFXAP,CD8.TEX,pCR,5.49305581606935
RFXAP,CD8.TPEX,MPR,5.38057395486576
RFXAP,CD8.TPEX,non-MPR,5.76328096666861
RFXAP,CD8.TPEX,pCR,4.77417198567159
RLF,CD8.TEX,MPR,3.79332787203662
RLF,CD8.TEX,non-MPR,3.08155073962259
RLF,CD8.TEX,pCR,3.15841947773723
RLF,CD8.TPEX,MPR,4.42855765778042
RLF,CD8.TPEX,non-MPR,3.92496333133657
RLF,CD8.TPEX,pCR,3.76098277870015
TBX21,CD8.TEX,MPR,6.16859756706398
TBX21,CD8.TEX,non-MPR,6.46663921682131
TBX21,CD8.TEX,pCR,6.14695184779752
TBX21,CD8.TPEX,MPR,5.76342224725926
TBX21,CD8.TPEX,non-MPR,6.18786417155808
TBX21,CD8.TPEX,pCR,5.88303134926592
ZBTB4,CD8.TEX,MPR,11.444080532791
ZBTB4,CD8.TEX,non-MPR,10.7900295793356
ZBTB4,CD8.TEX,pCR,10.9055526650443
ZBTB4,CD8.TPEX,MPR,11.6504135514164
ZBTB4,CD8.TPEX,non-MPR,10.7667673101836
ZBTB4,CD8.TPEX,pCR,10.8810292316363
