tam_state,source,p_value,median_MPR,median_nonMPR,p_adj
Classical-Mono,HIF1A,0.000228841,9.9071588,11.71566501,0.004576829
Classical-Mono,HSF2,0.000744253,4.674002037,7.142145951,0.005554639
Classical-Mono,STAT3,0.000833196,7.68504552,9.085809151,0.005554639
Classical-Mono,HSF1,0.003865113,6.141423257,7.887394058,0.015460452
Classical-Mono,NFKB1,0.00358693,8.899118904,10.29647409,0.015460452
Classical-Mono,IRF1,0.007314126,8.188102971,9.265411596,0.02438042
Classical-Mono,RELA,0.015821893,11.07901603,12.03750914,0.040842989
Classical-Mono,NFKB,0.016337196,13.00558045,14.36080632,0.040842989
Classical-Mono,SPI1,0.021236124,11.29152054,12.28667181,0.047191388
Classical-Mono,JUN,0.052266483,13.06584529,13.81757353,0.104532965
Classical-Mono,RFXAP,0.21402012,17.81235428,17.60552658,0.285360159
Classical-Mono,RFXANK,0.187934876,16.66948887,16.49647074,0.285360159
Classical-Mono,STAT1,0.178941109,9.546657951,10.0807623,0.285360159
Classical-Mono,RFX5,0.206915071,15.41541339,14.67342629,0.285360159
Classical-Mono,DDIT3,0.201355511,6.647899042,7.335890725,0.285360159
Classical-Mono,EGR1,0.263676791,6.170140383,6.619717469,0.329595989
Classical-Mono,REL,0.418207708,10.12441241,10.79654487,0.492009069
Classical-Mono,CIITA,0.643857214,14.37634269,14.28889489,0.677744436
Classical-Mono,CREB1,0.624401312,8.699432994,9.035615402,0.677744436
Classical-Mono,AP1,0.74460252,10.01343317,9.861470713,0.74460252
IFN-stimulated,HSF2,9.63839051640407e-12,4.521401647,8.418586279,1.92767810328081e-10
IFN-stimulated,HSF1,7.2805534181565e-08,6.695500637,10.65044102,7.2805534181565e-07
IFN-stimulated,STAT1,3.01087091310966e-07,11.46813975,14.18121179,2.00724727540644e-06
IFN-stimulated,DDIT3,3.43931482521967e-06,7.234628256,9.034803552,1.71965741260983e-05
IFN-stimulated,RELA,5.44554541802971e-06,13.92542404,16.12392151,2.17821816721188e-05
IFN-stimulated,NFKB1,9.18436808172099e-06,12.44836631,14.47329089,3.06145602724033e-05
IFN-stimulated,IRF1,3.12014625904022e-05,10.0379566,11.94128068,8.91470359725778e-05
IFN-stimulated,REL,5.33099829602753e-05,13.17256175,14.61529375,0.000133275
IFN-stimulated,STAT3,0.000221507,10.09652467,11.08667796,0.000492239
IFN-stimulated,HIF1A,0.000281065,11.04223601,13.16943584,0.00056213
IFN-stimulated,CREB1,0.000495656,9.534710293,11.19136971,0.000901192
IFN-stimulated,NFKB,0.000936747,16.32983068,17.78604615,0.001441149
IFN-stimulated,EGR1,0.000874014,6.969612682,8.247698339,0.001441149
IFN-stimulated,SPI1,0.001568291,12.51966914,13.42400489,0.002240416
IFN-stimulated,JUN,0.00277715,15.3445546,16.26526947,0.003702866
IFN-stimulated,AP1,0.004278774,10.7487964,11.54712704,0.005348468
IFN-stimulated,CIITA,0.476519319,14.25964094,14.98231849,0.560610964
IFN-stimulated,RFXAP,0.559122581,17.5681182,17.28127262,0.600950213
IFN-stimulated,RFXANK,0.570902702,16.4526179,16.09065406,0.600950213
IFN-stimulated,RFX5,0.810669458,14.40433733,14.42469684,0.810669458
LAMs,STAT1,1.01520620277425e-86,6.309202591,9.077079747,2.0304124055485e-85
LAMs,IRF1,6.19809324917719e-85,5.296886164,7.822396855,6.19809324917719e-84
LAMs,HSF2,3.35271567668999e-61,4.109715645,6.870316453,2.23514378445999e-60
LAMs,REL,2.52753804319576e-59,7.536303716,10.02284535,1.26376902159788e-58
LAMs,HIF1A,9.90128657024751e-54,8.606097687,10.73257025,3.960514628099e-53
LAMs,SPI1,5.74068611531105e-53,8.338033324,10.62463738,1.91356203843702e-52
LAMs,RELA,1.85730722708712e-52,8.950459589,11.60493399,5.30659207739176e-52
LAMs,NFKB,7.42788555296795e-52,11.57619457,13.90675662,1.85697138824199e-51
LAMs,HSF1,1.95543544835731e-43,4.940565235,8.156761915,4.34541210746068e-43
LAMs,NFKB1,3.77537964618474e-43,8.189574555,10.21369177,7.55075929236948e-43
LAMs,CREB1,3.40445881459092e-37,7.12036752,8.6522705,6.18992511743803e-37
LAMs,DDIT3,8.88333623843721e-37,5.007095787,6.600497392,1.48055603973954e-36
LAMs,CIITA,1.31367830721053e-36,10.76219667,14.4860499,2.02104354955466e-36
LAMs,STAT3,1.28005937790195e-34,6.459462391,7.882192546,1.82865625414565e-34
LAMs,JUN,2.06641050133383e-33,11.04768745,12.78494913,2.75521400177843e-33
LAMs,EGR1,2.92718744012261e-30,5.380308898,6.63243423,3.65898430015326e-30
LAMs,AP1,1.42209713791357e-27,8.069065501,9.231058315,1.6730554563689e-27
LAMs,RFX5,8.08383964873414e-25,11.92433277,14.7950881,8.98204405414905e-25
LAMs,RFXAP,1.908998091078e-24,14.26417955,17.88359379,2.00947167481894e-24
LAMs,RFXANK,2.64956770804805e-24,13.34759623,16.72040906,2.64956770804805e-24
Monocyte FCN1+,HIF1A,8.25207364811852e-24,12.60690425,14.43224941,1.65041472962371e-22
Monocyte FCN1+,HSF1,8.48999013181533e-16,8.521334286,10.59057753,8.48999013181533e-15
Monocyte FCN1+,HSF2,3.80629584845892e-13,5.208589717,7.20300308,2.53753056563928e-12
Monocyte FCN1+,NFKB1,3.5045171464986e-11,11.28495267,12.70139828,1.7522585732493e-10
Monocyte FCN1+,RELA,3.14951337361219e-10,12.87623895,14.24772907,1.04983779120406e-09
Monocyte FCN1+,STAT1,2.74701533831468e-10,8.789820244,9.807625426,1.04983779120406e-09
Monocyte FCN1+,RFXANK,8.26621619864415e-09,15.61742298,13.75268526,2.36177605675547e-08
Monocyte FCN1+,RFXAP,1.42388732740505e-08,16.82665255,14.82003491,3.55971831851261e-08
Monocyte FCN1+,RFX5,4.4774113771429e-08,13.85182397,12.29852487,9.94980306031755e-08
Monocyte FCN1+,STAT3,7.4834773312144e-08,9.795272721,10.48480832,1.49669546624288e-07
Monocyte FCN1+,NFKB,8.85999462911304e-08,15.91516642,16.78308836,1.61090811438419e-07
Monocyte FCN1+,JUN,1.0071333391294e-06,15.79840699,16.56218864,1.67855556521567e-06
Monocyte FCN1+,AP1,2.57565294468728e-06,11.44318116,12.20112593,3.67950420669611e-06
Monocyte FCN1+,EGR1,2.49737272231935e-06,8.489951134,9.096102432,3.67950420669611e-06
Monocyte FCN1+,CREB1,9.7066194464648e-06,10.47934765,10.99293898,1.29421592619531e-05
Monocyte FCN1+,SPI1,0.000204077,11.38656664,11.85212398,0.000255096
Monocyte FCN1+,IRF1,0.002350886,7.744623871,8.124094884,0.002765748
Monocyte FCN1+,CIITA,0.002805041,12.70066994,12.23599655,0.003116712
Monocyte FCN1+,REL,0.009087341,11.14299701,11.76258184,0.009565622
Monocyte FCN1+,DDIT3,0.163665299,8.12780357,8.227043241,0.163665299
Proliferating,STAT1,7.30339763711665e-27,6.662479572,9.812526834,1.46067952742333e-25
Proliferating,HSF2,1.85190124115324e-23,5.679748839,8.422154356,1.85190124115324e-22
Proliferating,HSF1,1.2444262342857e-22,6.83304377,10.60346387,8.296174895238e-22
Proliferating,NFKB,8.82743641850425e-21,12.46534243,15.37587357,3.5309745674017e-20
Proliferating,EGR1,8.44021166091943e-21,5.669856212,8.217012697,3.5309745674017e-20
Proliferating,SPI1,5.60998011523086e-20,8.183843438,10.19197619,1.86999337174362e-19
Proliferating,RELA,8.21239009162147e-18,10.42293129,13.51215528,2.34639716903471e-17
Proliferating,NFKB1,4.45964433310323e-16,9.486392682,12.01349278,1.11491108327581e-15
Proliferating,DDIT3,2.37853549058924e-15,5.822036792,7.932511187,5.28563442353165e-15
Proliferating,HIF1A,2.93905640555413e-15,9.69475496,11.58791254,5.87811281110826e-15
Proliferating,IRF1,9.89368578264303e-15,5.46368987,7.306645345,1.79885196048055e-14
Proliferating,REL,8.36620795643795e-14,8.96431399,11.2122199,1.39436799273966e-13
Proliferating,JUN,8.04969921119812e-13,11.68123169,13.71597733,1.23841526326125e-12
Proliferating,CREB1,3.84881316773251e-12,8.094479612,10.04018976,5.49830452533216e-12
Proliferating,CIITA,2.86669760654613e-11,9.382080954,12.1553969,3.82226347539484e-11
Proliferating,AP1,1.09296377608349e-10,8.683177224,10.03875929,1.36620472010436e-10
Proliferating,RFXAP,4.84787214513956e-08,11.40977742,15.13944271,5.70337899428183e-08
Proliferating,RFX5,5.91050577902271e-08,9.706216545,12.51909436,6.56722864335857e-08
Proliferating,RFXANK,2.63368194261634e-07,10.88407742,14.16250795,2.77229678170141e-07
Proliferating,STAT3,6.14347977401924e-07,7.592967545,8.775150891,6.14347977401924e-07
Resident M2,HIF1A,5.81550304028211e-59,10.27627587,13.58248774,1.16310060805642e-57
Resident M2,NFKB1,3.6227294016868e-54,11.04570004,14.54773492,3.6227294016868e-53
Resident M2,RELA,1.2649265729644e-53,12.77802887,16.44858346,8.43284381976265e-53
Resident M2,HSF2,3.10773236936163e-49,6.505590053,9.425989253,1.55386618468082e-48
Resident M2,NFKB,4.84959196843932e-47,15.28164073,18.36506977,1.93983678737573e-46
Resident M2,HSF1,1.18347421759021e-42,8.948103858,12.55996688,3.94491405863404e-42
Resident M2,STAT1,2.17376762801429e-39,9.716701878,11.75672521,6.21076465146941e-39
Resident M2,EGR1,6.90831380822835e-38,7.721244641,9.810194281,1.72707845205709e-37
Resident M2,STAT3,2.16100951380337e-34,8.662874918,10.72855647,4.80224336400748e-34
Resident M2,CREB1,4.35610692262233e-34,10.44231023,12.33807772,8.71221384524466e-34
Resident M2,JUN,1.58345195449522e-32,14.09103339,16.41844486,2.87900355362768e-32
Resident M2,AP1,7.05976241843117e-27,10.79908068,12.3249952,1.17662706973853e-26
Resident M2,IRF1,9.16268495608078e-27,7.760984036,9.335277949,1.40964383939704e-26
Resident M2,REL,1.66479196508983e-22,11.46261754,13.70213992,2.37827423584261e-22
Resident M2,SPI1,5.06367094108033e-19,11.55330642,13.01250408,6.75156125477377e-19
Resident M2,DDIT3,4.0004886959447e-16,8.400128754,9.630559459,5.00061086993087e-16
Resident M2,RFXANK,0.002831697,18.61188354,17.78022595,0.003331408
Resident M2,RFX5,0.00310082,16.599566,15.83556305,0.003445356
Resident M2,RFXAP,0.003565588,19.89618237,19.09175429,0.00375325
Resident M2,CIITA,0.894822793,14.87769573,14.96652433,0.894822793
Stress-response,HIF1A,7.34672410204297e-18,11.18448029,13.67535232,1.46934482040859e-16
Stress-response,HSF1,5.06204383674654e-16,8.386098705,12.59082483,5.06204383674654e-15
Stress-response,NFKB1,7.7877707094184e-13,9.822370914,12.2491706,4.16369162513863e-12
Stress-response,HSF2,8.32738325027726e-13,6.721943229,9.683880466,4.16369162513863e-12
Stress-response,RELA,3.01644639056818e-12,11.22229326,13.87980325,8.61841825876621e-12
Stress-response,NFKB,2.77968566157971e-12,13.02266483,16.02805424,8.61841825876621e-12
Stress-response,AP1,2.52643481616345e-12,9.373708398,11.32252411,8.61841825876621e-12
Stress-response,STAT3,7.8161420603218e-12,8.13072044,10.09824793,1.95403551508045e-11
Stress-response,IRF1,1.68607157150061e-11,6.428617052,8.36662665,3.74682571444581e-11
Stress-response,STAT1,3.43871185968807e-11,7.362710607,9.799179654,6.50590507904444e-11
Stress-response,JUN,3.90354304742667e-11,13.28515932,15.62425243,6.50590507904444e-11
Stress-response,CREB1,3.6591836163142e-11,8.691818445,10.40668788,6.50590507904444e-11
Stress-response,EGR1,3.08032270517667e-10,6.609428905,8.420444185,4.7389580079641e-10
Stress-response,SPI1,8.1684575159282e-10,9.410672506,11.65510884,1.16692250227546e-09
Stress-response,REL,1.31020634679369e-08,9.316303275,11.46592452,1.74694179572491e-08
Stress-response,DDIT3,5.1379979371029e-05,7.139576905,8.053820471,6.42249742137863e-05
Stress-response,CIITA,0.100912953,12.12727511,12.75372033,0.118721121
Stress-response,RFX5,0.4907211,12.4505593,12.89525009,0.545245667
Stress-response,RFXAP,0.78262907,15.09296207,15.57461957,0.823820073
Stress-response,RFXANK,0.912550466,14.3800055,14.44285936,0.912550466
