cell.names,copykat.pred,cell_type,response
BD_immune04_639050,diploid,Ciliated_epithelial,NMPR
BD_immune07_178927,diploid,Tumor_epithelial_basal,NMPR
BD_immune07_255916,diploid,Tumor_epithelial_basal,NMPR
BD_immune07_133124,diploid,Tumor_epithelial_basal,NMPR
BD_immune07_374609,diploid,Tumor_epithelial_basal,NMPR
BD_immune07_138392,diploid,Tumor_epithelial_basal,NMPR
BD_immune07_554970,diploid,Tumor_epithelial_basal,NMPR
BD_immune07_338911,diploid,Tumor_epithelial_basal,NMPR
BD_immune07_287210,diploid,Tumor_epithelial_basal,NMPR
BD_immune07_193907,diploid,Tumor_epithelial_basal,NMPR
BD_immune07_51729,diploid,Tumor_epithelial_basal,NMPR
BD_immune07_479921,diploid,Tumor_epithelial_basal,NMPR
BD_immune11_759492,diploid,Ciliated_epithelial,MPR
BD_immune11_17759,diploid,Ciliated_epithelial,MPR
BD_immune11_880050,diploid,Ciliated_epithelial,MPR
BD_immune11_765009,diploid,Ciliated_epithelial,MPR
BD_immune11_414642,diploid,Ciliated_epithelial,MPR
BD_immune11_747329,diploid,Ciliated_epithelial,MPR
BD_immune12_174836,diploid,Ciliated_epithelial,NMPR
BD_immune15_694272,diploid,Ciliated_epithelial,NMPR
BD_immune11_36226,diploid,Ciliated_epithelial,MPR
BD_immune15_760103,diploid,Ciliated_epithelial,NMPR
BD_immune11_34677,diploid,Ciliated_epithelial,MPR
BD_immune11_702976,diploid,Ciliated_epithelial,MPR
BD_immune11_248823,diploid,Ciliated_epithelial,MPR
BD_immune12_612241,diploid,Ciliated_epithelial,NMPR
BD_immune15_566461,diploid,Ciliated_epithelial,NMPR
BD_immune15_595835,diploid,Ciliated_epithelial,NMPR
BD_immune15_854328,diploid,Ciliated_epithelial,NMPR
BD_immune02_841503,diploid,Ciliated_epithelial,NMPR
BD_immune02_650062,diploid,Ciliated_epithelial,NMPR
BD_immune02_580235,diploid,Ciliated_epithelial,NMPR
BD_immune02_277584,diploid,Ciliated_epithelial,NMPR
BD_immune02_634340,diploid,Ciliated_epithelial,NMPR
BD_immune02_73791,diploid,Ciliated_epithelial,NMPR
BD_immune02_342916,diploid,Ciliated_epithelial,NMPR
BD_immune02_13866,diploid,Ciliated_epithelial,NMPR
BD_immune02_571486,diploid,Ciliated_epithelial,NMPR
BD_immune03_248350,diploid,Ciliated_epithelial,MPR
BD_immune04_397649,diploid,Ciliated_epithelial,NMPR
BD_immune04_354997,diploid,Ciliated_epithelial,NMPR
BD_immune04_300317,diploid,Ciliated_epithelial,NMPR
BD_immune04_809126,diploid,Ciliated_epithelial,NMPR
BD_immune04_361365,diploid,Ciliated_epithelial,NMPR
BD_immune04_173384,diploid,Ciliated_epithelial,NMPR
BD_immune04_28325,diploid,Ciliated_epithelial,NMPR
BD_immune04_527847,diploid,Ciliated_epithelial,NMPR
BD_immune04_322601,diploid,Ciliated_epithelial,NMPR
BD_immune04_794140,diploid,Ciliated_epithelial,NMPR
BD_immune07_490725,diploid,Tumor_epithelial_basal,NMPR
BD_immune07_645309,diploid,Tumor_epithelial_basal,NMPR
BD_immune07_758406,diploid,Tumor_epithelial_basal,NMPR
BD_immune07_311032,diploid,Tumor_epithelial_basal,NMPR
BD_immune07_136141,diploid,Tumor_epithelial_basal,NMPR
BD_immune07_218955,diploid,Tumor_epithelial_basal,NMPR
BD_immune07_642489,diploid,Tumor_epithelial_basal,NMPR
BD_immune07_532270,diploid,Tumor_epithelial_basal,NMPR
BD_immune07_303062,diploid,Tumor_epithelial_basal,NMPR
BD_immune07_479179,diploid,Tumor_epithelial_basal,NMPR
BD_immune07_864111,diploid,Tumor_epithelial_basal,NMPR
BD_immune07_669603,diploid,Tumor_epithelial_basal,NMPR
BD_immune07_324553,diploid,Tumor_epithelial_basal,NMPR
BD_immune07_814263,diploid,Tumor_epithelial_basal,NMPR
BD_immune07_425599,diploid,Tumor_epithelial_basal,NMPR
BD_immune07_707059,diploid,Tumor_epithelial_basal,NMPR
BD_immune07_746331,diploid,Tumor_epithelial_basal,NMPR
BD_immune07_576690,diploid,Tumor_epithelial_basal,NMPR
BD_immune07_170091,diploid,Tumor_epithelial_basal,NMPR
BD_immune07_302008,diploid,Tumor_epithelial_basal,NMPR
BD_immune07_278672,diploid,Tumor_epithelial_basal,NMPR
BD_immune07_492131,diploid,Tumor_epithelial_basal,NMPR
BD_immune07_515914,diploid,Tumor_epithelial_basal,NMPR
BD_immune07_544820,diploid,Tumor_epithelial_basal,NMPR
BD_immune07_436631,diploid,Ciliated_epithelial,NMPR
BD_immune07_788951,diploid,Tumor_epithelial_basal,NMPR
BD_immune07_448332,diploid,Tumor_epithelial_basal,NMPR
BD_immune07_609204,diploid,Tumor_epithelial_basal,NMPR
BD_immune07_678879,diploid,Tumor_epithelial_basal,NMPR
BD_immune07_686408,diploid,Tumor_epithelial_basal,NMPR
BD_immune07_881025,diploid,Tumor_epithelial_basal,NMPR
BD_immune07_27252,diploid,Tumor_epithelial_basal,NMPR
BD_immune07_540130,diploid,Tumor_epithelial_basal,NMPR
BD_immune07_88549,diploid,Tumor_epithelial_basal,NMPR
BD_immune07_610813,diploid,Tumor_epithelial_basal,NMPR
BD_immune07_340598,diploid,Tumor_epithelial_basal,NMPR
BD_immune07_796242,diploid,Ciliated_epithelial,NMPR
BD_immune09_646695,aneuploid,Tumor_epithelial_basal,NMPR
BD_immune09_352548,aneuploid,Tumor_epithelial_basal,NMPR
BD_immune09_189566,aneuploid,Tumor_epithelial_basal,NMPR
BD_immune09_638638,aneuploid,Tumor_epithelial_basal,NMPR
BD_immune09_81915,aneuploid,Tumor_epithelial_basal,NMPR
BD_immune09_605948,aneuploid,Tumor_epithelial_basal,NMPR
BD_immune09_139519,aneuploid,Tumor_epithelial_basal,NMPR
BD_immune09_605576,aneuploid,Tumor_epithelial_basal,NMPR
BD_immune09_328287,aneuploid,Tumor_epithelial_basal,NMPR
BD_immune09_85130,aneuploid,Tumor_epithelial_basal,NMPR
BD_immune09_182540,aneuploid,Tumor_epithelial_basal,NMPR
BD_immune09_789865,aneuploid,Tumor_epithelial_basal,NMPR
BD_immune09_556921,aneuploid,Tumor_epithelial_basal,NMPR
BD_immune09_424558,aneuploid,Tumor_epithelial_basal,NMPR
BD_immune09_19658,aneuploid,Tumor_epithelial_basal,NMPR
BD_immune09_29937,aneuploid,Tumor_epithelial_basal,NMPR
BD_immune09_335675,aneuploid,Tumor_epithelial_basal,NMPR
BD_immune09_145870,aneuploid,Tumor_epithelial_basal,NMPR
BD_immune09_709366,aneuploid,Tumor_epithelial_basal,NMPR
BD_immune09_508510,aneuploid,Tumor_epithelial_basal,NMPR
BD_immune09_273582,aneuploid,Tumor_epithelial_basal,NMPR
BD_immune09_467536,aneuploid,Tumor_epithelial_basal,NMPR
BD_immune09_411126,aneuploid,Tumor_epithelial_basal,NMPR
BD_immune09_395179,aneuploid,Tumor_epithelial_basal,NMPR
BD_immune09_386676,aneuploid,Tumor_epithelial_basal,NMPR
BD_immune09_426034,aneuploid,Tumor_epithelial_basal,NMPR
BD_immune09_160580,aneuploid,Tumor_epithelial_basal,NMPR
BD_immune09_72015,aneuploid,Tumor_epithelial_basal,NMPR
BD_immune09_556102,aneuploid,Tumor_epithelial_basal,NMPR
BD_immune09_391231,aneuploid,Tumor_epithelial_basal,NMPR
BD_immune09_816333,aneuploid,Tumor_epithelial_basal,NMPR
BD_immune09_469879,aneuploid,Tumor_epithelial_basal,NMPR
BD_immune09_16948,aneuploid,Tumor_epithelial_basal,NMPR
BD_immune09_791625,aneuploid,Tumor_epithelial_basal,NMPR
BD_immune09_178516,aneuploid,Tumor_epithelial_basal,NMPR
BD_immune09_747825,aneuploid,Tumor_epithelial_basal,NMPR
BD_immune09_604369,aneuploid,Tumor_epithelial_basal,NMPR
BD_immune09_553833,aneuploid,Tumor_epithelial_basal,NMPR
BD_immune09_58908,aneuploid,Tumor_epithelial_basal,NMPR
BD_immune09_867235,aneuploid,Tumor_epithelial_basal,NMPR
BD_immune09_140334,aneuploid,Tumor_epithelial_basal,NMPR
BD_immune09_388870,aneuploid,Tumor_epithelial_basal,NMPR
BD_immune09_869382,aneuploid,Tumor_epithelial_basal,NMPR
BD_immune09_579463,aneuploid,Tumor_epithelial_basal,NMPR
BD_immune09_335924,aneuploid,Tumor_epithelial_basal,NMPR
BD_immune09_83089,aneuploid,Tumor_epithelial_basal,NMPR
BD_immune09_50007,aneuploid,Tumor_epithelial_basal,NMPR
BD_immune09_396189,aneuploid,Tumor_epithelial_basal,NMPR
BD_immune09_869402,aneuploid,Tumor_epithelial_basal,NMPR
BD_immune09_463310,aneuploid,Tumor_epithelial_basal,NMPR
BD_immune09_422255,aneuploid,Tumor_epithelial_basal,NMPR
BD_immune09_464421,aneuploid,Tumor_epithelial_basal,NMPR
BD_immune09_732485,aneuploid,Tumor_epithelial_basal,NMPR
BD_immune09_496987,aneuploid,Tumor_epithelial_basal,NMPR
BD_immune09_467822,aneuploid,Tumor_epithelial_basal,NMPR
BD_immune09_843432,aneuploid,Tumor_epithelial_basal,NMPR
BD_immune09_281933,aneuploid,Tumor_epithelial_basal,NMPR
BD_immune09_607924,aneuploid,Tumor_epithelial_basal,NMPR
BD_immune09_630471,aneuploid,Tumor_epithelial_basal,NMPR
BD_immune09_879214,aneuploid,Tumor_epithelial_basal,NMPR
BD_immune09_508386,aneuploid,Tumor_epithelial_basal,NMPR
BD_immune09_756263,aneuploid,Tumor_epithelial_basal,NMPR
BD_immune09_602774,aneuploid,Tumor_epithelial_basal,NMPR
BD_immune09_571637,aneuploid,Tumor_epithelial_basal,NMPR
BD_immune09_495637,aneuploid,Tumor_epithelial_basal,NMPR
BD_immune09_709373,aneuploid,Tumor_epithelial_basal,NMPR
BD_immune09_495078,aneuploid,Tumor_epithelial_basal,NMPR
BD_immune09_653439,aneuploid,Tumor_epithelial_basal,NMPR
BD_immune09_477404,aneuploid,Tumor_epithelial_basal,NMPR
BD_immune09_166521,aneuploid,Tumor_epithelial_basal,NMPR
BD_immune09_542516,aneuploid,Tumor_epithelial_basal,NMPR
BD_immune09_719732,aneuploid,Tumor_epithelial_basal,NMPR
BD_immune09_772386,aneuploid,Tumor_epithelial_basal,NMPR
BD_immune09_184401,aneuploid,Tumor_epithelial_basal,NMPR
BD_immune09_538307,aneuploid,Tumor_epithelial_basal,NMPR
BD_immune09_815524,aneuploid,Tumor_epithelial_basal,NMPR
BD_immune09_427821,aneuploid,Tumor_epithelial_basal,NMPR
BD_immune09_78152,aneuploid,Tumor_epithelial_basal,NMPR
BD_immune09_849714,aneuploid,Tumor_epithelial_basal,NMPR
BD_immune09_743640,aneuploid,Tumor_epithelial_basal,NMPR
BD_immune09_669556,aneuploid,Tumor_epithelial_basal,NMPR
BD_immune09_332519,aneuploid,Tumor_epithelial_basal,NMPR
BD_immune09_56074,aneuploid,Tumor_epithelial_basal,NMPR
BD_immune09_237856,aneuploid,Tumor_epithelial_basal,NMPR
BD_immune09_687208,aneuploid,Tumor_epithelial_basal,NMPR
BD_immune09_855546,aneuploid,Tumor_epithelial_basal,NMPR
BD_immune09_515867,aneuploid,Tumor_epithelial_basal,NMPR
BD_immune09_155625,aneuploid,Tumor_epithelial_basal,NMPR
BD_immune09_337465,aneuploid,Tumor_epithelial_basal,NMPR
BD_immune09_768527,aneuploid,Tumor_epithelial_basal,NMPR
BD_immune09_181449,aneuploid,Tumor_epithelial_basal,NMPR
BD_immune09_234965,aneuploid,Tumor_epithelial_basal,NMPR
BD_immune09_699961,aneuploid,Tumor_epithelial_basal,NMPR
BD_immune09_554061,aneuploid,Tumor_epithelial_basal,NMPR
BD_immune09_530387,aneuploid,Tumor_epithelial_basal,NMPR
BD_immune09_722162,aneuploid,Tumor_epithelial_basal,NMPR
BD_immune09_540941,aneuploid,Tumor_epithelial_basal,NMPR
BD_immune09_319300,aneuploid,Tumor_epithelial_basal,NMPR
BD_immune09_357764,aneuploid,Tumor_epithelial_basal,NMPR
BD_immune09_631408,aneuploid,Tumor_epithelial_basal,NMPR
BD_immune09_101861,aneuploid,Tumor_epithelial_basal,NMPR
BD_immune09_607248,aneuploid,Tumor_epithelial_basal,NMPR
BD_immune09_755094,aneuploid,Tumor_epithelial_basal,NMPR
BD_immune09_22981,aneuploid,Tumor_epithelial_basal,NMPR
BD_immune09_634931,aneuploid,Tumor_epithelial_basal,NMPR
BD_immune09_45327,aneuploid,Tumor_epithelial_basal,NMPR
BD_immune09_728599,aneuploid,Tumor_epithelial_basal,NMPR
BD_immune09_660218,aneuploid,Tumor_epithelial_basal,NMPR
BD_immune09_755728,aneuploid,Tumor_epithelial_basal,NMPR
BD_immune09_565638,aneuploid,Tumor_epithelial_basal,NMPR
BD_immune09_216569,aneuploid,Tumor_epithelial_basal,NMPR
BD_immune09_72335,aneuploid,Tumor_epithelial_basal,NMPR
BD_immune09_221676,aneuploid,Tumor_epithelial_basal,NMPR
BD_immune09_100469,aneuploid,Tumor_epithelial_basal,NMPR
BD_immune09_44201,aneuploid,Tumor_epithelial_basal,NMPR
BD_immune09_287449,aneuploid,Tumor_epithelial_basal,NMPR
BD_immune09_455581,aneuploid,Tumor_epithelial_basal,NMPR
BD_immune09_816895,aneuploid,Tumor_epithelial_basal,NMPR
BD_immune09_51513,aneuploid,Tumor_epithelial_basal,NMPR
BD_immune09_85302,aneuploid,Tumor_epithelial_basal,NMPR
BD_immune09_128140,aneuploid,Tumor_epithelial_basal,NMPR
BD_immune09_854377,aneuploid,Tumor_epithelial_basal,NMPR
BD_immune09_748967,aneuploid,Tumor_epithelial_basal,NMPR
BD_immune09_856137,aneuploid,Tumor_epithelial_basal,NMPR
BD_immune09_32672,aneuploid,Tumor_epithelial_basal,NMPR
BD_immune09_840205,aneuploid,Tumor_epithelial_basal,NMPR
BD_immune09_260,aneuploid,Tumor_epithelial_basal,NMPR
BD_immune09_359378,diploid,Tumor_epithelial_basal,NMPR
BD_immune09_687052,diploid,Tumor_epithelial_basal,NMPR
BD_immune09_537320,diploid,Tumor_epithelial_basal,NMPR
BD_immune09_455514,diploid,Tumor_epithelial_basal,NMPR
BD_immune09_119622,diploid,Tumor_epithelial_basal,NMPR
BD_immune09_214158,diploid,Tumor_epithelial_basal,NMPR
BD_immune09_467660,diploid,Tumor_epithelial_basal,NMPR
BD_immune09_532585,diploid,Tumor_epithelial_basal,NMPR
BD_immune09_348756,diploid,Tumor_epithelial_basal,NMPR
BD_immune09_398274,diploid,Tumor_epithelial_basal,NMPR
BD_immune09_345180,diploid,Tumor_epithelial_basal,NMPR
BD_immune09_401178,diploid,Tumor_epithelial_basal,NMPR
BD_immune09_50037,diploid,Tumor_epithelial_basal,NMPR
BD_immune09_766138,diploid,Tumor_epithelial_basal,NMPR
BD_immune09_802534,diploid,Tumor_epithelial_basal,NMPR
BD_immune09_67387,diploid,Tumor_epithelial_basal,NMPR
BD_immune09_711887,diploid,Tumor_epithelial_basal,NMPR
BD_immune09_56417,diploid,Tumor_epithelial_basal,NMPR
BD_immune09_779630,diploid,Tumor_epithelial_basal,NMPR
BD_immune09_608601,diploid,Tumor_epithelial_basal,NMPR
BD_immune09_11874,diploid,Tumor_epithelial_basal,NMPR
BD_immune09_543528,diploid,Tumor_epithelial_basal,NMPR
BD_immune09_137873,diploid,Tumor_epithelial_basal,NMPR
BD_immune09_158769,diploid,Tumor_epithelial_basal,NMPR
BD_immune09_496303,diploid,Tumor_epithelial_basal,NMPR
BD_immune09_574585,diploid,Tumor_epithelial_basal,NMPR
BD_immune09_223963,diploid,Tumor_epithelial_basal,NMPR
BD_immune09_355834,diploid,Tumor_epithelial_basal,NMPR
BD_immune09_352153,diploid,Tumor_epithelial_basal,NMPR
BD_immune09_830774,diploid,Tumor_epithelial_basal,NMPR
BD_immune09_342714,diploid,Tumor_epithelial_basal,NMPR
BD_immune09_801921,diploid,Tumor_epithelial_basal,NMPR
BD_immune09_354946,diploid,Tumor_epithelial_basal,NMPR
BD_immune09_301850,diploid,Tumor_epithelial_basal,NMPR
BD_immune09_720189,diploid,Tumor_epithelial_basal,NMPR
BD_immune09_719265,diploid,Tumor_epithelial_basal,NMPR
BD_immune09_756130,diploid,Tumor_epithelial_basal,NMPR
BD_immune09_461592,diploid,Tumor_epithelial_basal,NMPR
BD_immune09_723730,diploid,Tumor_epithelial_basal,NMPR
BD_immune09_637393,diploid,Tumor_epithelial_basal,NMPR
BD_immune09_660992,diploid,Tumor_epithelial_basal,NMPR
BD_immune09_273279,diploid,Tumor_epithelial_basal,NMPR
BD_immune09_613366,diploid,Tumor_epithelial_basal,NMPR
BD_immune09_780623,diploid,Tumor_epithelial_basal,NMPR
BD_immune09_484164,diploid,Tumor_epithelial_basal,NMPR
BD_immune09_726857,diploid,Tumor_epithelial_basal,NMPR
BD_immune09_224113,diploid,Tumor_epithelial_basal,NMPR
BD_immune09_119150,diploid,Tumor_epithelial_basal,NMPR
BD_immune09_229368,diploid,Tumor_epithelial_basal,NMPR
BD_immune09_603330,diploid,Tumor_epithelial_basal,NMPR
BD_immune09_20975,diploid,Tumor_epithelial_basal,NMPR
BD_immune09_341397,diploid,Tumor_epithelial_basal,NMPR
BD_immune09_68463,diploid,Tumor_epithelial_basal,NMPR
BD_immune09_97061,diploid,Tumor_epithelial_basal,NMPR
BD_immune10_599689,aneuploid,Tumor_epithelial_basal,NMPR
BD_immune10_455389,aneuploid,Tumor_epithelial_basal,NMPR
BD_immune10_9688,aneuploid,Tumor_epithelial_basal,NMPR
BD_immune10_701660,aneuploid,Tumor_epithelial_basal,NMPR
BD_immune10_420142,aneuploid,Tumor_epithelial_basal,NMPR
BD_immune10_375860,aneuploid,Tumor_epithelial_basal,NMPR
BD_immune10_94199,aneuploid,Tumor_epithelial_basal,NMPR
BD_immune10_522853,aneuploid,Tumor_epithelial_basal,NMPR
BD_immune10_467232,aneuploid,Tumor_epithelial_basal,NMPR
BD_immune10_298814,aneuploid,Tumor_epithelial_basal,NMPR
BD_immune10_493556,aneuploid,Tumor_epithelial_basal,NMPR
BD_immune10_850438,aneuploid,Tumor_epithelial_basal,NMPR
BD_immune10_749154,aneuploid,Tumor_epithelial_basal,NMPR
BD_immune10_121914,aneuploid,Tumor_epithelial_basal,NMPR
BD_immune10_269167,aneuploid,Tumor_epithelial_basal,NMPR
BD_immune10_645293,aneuploid,Tumor_epithelial_basal,NMPR
BD_immune10_75711,aneuploid,Tumor_epithelial_basal,NMPR
BD_immune10_480563,aneuploid,Tumor_epithelial_basal,NMPR
BD_immune10_576892,aneuploid,Tumor_epithelial_basal,NMPR
BD_immune10_270036,aneuploid,Tumor_epithelial_basal,NMPR
BD_immune10_824908,aneuploid,Tumor_epithelial_basal,NMPR
BD_immune10_436642,aneuploid,Tumor_epithelial_basal,NMPR
BD_immune10_660288,aneuploid,Tumor_epithelial_basal,NMPR
BD_immune10_288449,aneuploid,Tumor_epithelial_basal,NMPR
BD_immune10_144482,aneuploid,Tumor_epithelial_basal,NMPR
BD_immune10_564664,aneuploid,Tumor_epithelial_basal,NMPR
BD_immune10_404089,aneuploid,Tumor_epithelial_basal,NMPR
BD_immune10_132267,aneuploid,Tumor_epithelial_basal,NMPR
BD_immune10_45002,aneuploid,Tumor_epithelial_basal,NMPR
BD_immune10_703915,aneuploid,Tumor_epithelial_basal,NMPR
BD_immune10_687786,aneuploid,Tumor_epithelial_basal,NMPR
BD_immune10_607383,aneuploid,Tumor_epithelial_basal,NMPR
BD_immune10_416593,aneuploid,Tumor_epithelial_basal,NMPR
BD_immune10_590164,aneuploid,Tumor_epithelial_basal,NMPR
BD_immune10_452379,aneuploid,Tumor_epithelial_basal,NMPR
BD_immune10_54123,aneuploid,Tumor_epithelial_basal,NMPR
BD_immune10_69551,aneuploid,Tumor_epithelial_basal,NMPR
BD_immune10_352310,aneuploid,Tumor_epithelial_basal,NMPR
BD_immune10_280893,aneuploid,Tumor_epithelial_basal,NMPR
BD_immune10_113911,aneuploid,Tumor_epithelial_basal,NMPR
BD_immune10_596957,aneuploid,Tumor_epithelial_basal,NMPR
BD_immune10_364033,aneuploid,Tumor_epithelial_basal,NMPR
BD_immune10_821980,aneuploid,Tumor_epithelial_basal,NMPR
BD_immune10_430029,aneuploid,Tumor_epithelial_basal,NMPR
BD_immune10_880327,aneuploid,Tumor_epithelial_basal,NMPR
BD_immune10_218090,aneuploid,Tumor_epithelial_basal,NMPR
BD_immune10_558031,aneuploid,Tumor_epithelial_basal,NMPR
BD_immune10_391734,aneuploid,Tumor_epithelial_basal,NMPR
BD_immune10_873486,aneuploid,Tumor_epithelial_basal,NMPR
BD_immune10_824170,aneuploid,Tumor_epithelial_basal,NMPR
BD_immune10_128347,aneuploid,Tumor_epithelial_basal,NMPR
BD_immune10_539155,aneuploid,Tumor_epithelial_basal,NMPR
BD_immune10_135963,aneuploid,Tumor_epithelial_basal,NMPR
BD_immune10_172273,aneuploid,Tumor_epithelial_basal,NMPR
BD_immune10_641830,aneuploid,Tumor_epithelial_basal,NMPR
BD_immune10_515089,aneuploid,Tumor_epithelial_basal,NMPR
BD_immune10_54182,aneuploid,Tumor_epithelial_basal,NMPR
BD_immune10_227877,aneuploid,Tumor_epithelial_basal,NMPR
BD_immune10_761274,aneuploid,Tumor_epithelial_basal,NMPR
BD_immune10_399765,aneuploid,Tumor_epithelial_basal,NMPR
BD_immune10_256253,aneuploid,Tumor_epithelial_basal,NMPR
BD_immune10_428736,aneuploid,Tumor_epithelial_basal,NMPR
BD_immune10_562794,aneuploid,Tumor_epithelial_basal,NMPR
BD_immune10_474379,aneuploid,Tumor_epithelial_basal,NMPR
BD_immune10_839107,aneuploid,Tumor_epithelial_basal,NMPR
BD_immune10_271601,aneuploid,Tumor_epithelial_basal,NMPR
BD_immune10_163228,aneuploid,Tumor_epithelial_basal,NMPR
BD_immune10_324854,aneuploid,Tumor_epithelial_basal,NMPR
BD_immune10_300183,aneuploid,Tumor_epithelial_basal,NMPR
BD_immune10_380400,aneuploid,Tumor_epithelial_basal,NMPR
BD_immune10_787255,aneuploid,Tumor_epithelial_basal,NMPR
BD_immune10_845475,aneuploid,Tumor_epithelial_basal,NMPR
BD_immune10_26033,aneuploid,Tumor_epithelial_basal,NMPR
BD_immune10_398254,aneuploid,Tumor_epithelial_basal,NMPR
BD_immune10_745893,aneuploid,Tumor_epithelial_basal,NMPR
BD_immune10_518549,aneuploid,Tumor_epithelial_basal,NMPR
BD_immune10_854225,aneuploid,Tumor_epithelial_basal,NMPR
BD_immune10_833384,aneuploid,Tumor_epithelial_basal,NMPR
BD_immune10_863847,aneuploid,Tumor_epithelial_basal,NMPR
BD_immune10_480140,diploid,Tumor_epithelial_basal,NMPR
BD_immune10_398580,aneuploid,Tumor_epithelial_basal,NMPR
BD_immune10_793059,aneuploid,Tumor_epithelial_basal,NMPR
BD_immune10_98902,aneuploid,Tumor_epithelial_basal,NMPR
BD_immune10_25031,aneuploid,Tumor_epithelial_basal,NMPR
BD_immune10_720933,diploid,Tumor_epithelial_basal,NMPR
BD_immune10_472854,aneuploid,Tumor_epithelial_basal,NMPR
BD_immune10_97648,aneuploid,Tumor_epithelial_basal,NMPR
BD_immune10_247522,aneuploid,Tumor_epithelial_basal,NMPR
BD_immune10_377528,diploid,Tumor_epithelial_basal,NMPR
BD_immune10_331854,aneuploid,Tumor_epithelial_basal,NMPR
BD_immune10_799899,aneuploid,Tumor_epithelial_basal,NMPR
BD_immune10_737641,aneuploid,Tumor_epithelial_basal,NMPR
BD_immune10_490692,aneuploid,Tumor_epithelial_basal,NMPR
BD_immune10_516763,diploid,Tumor_epithelial_basal,NMPR
BD_immune10_21235,diploid,Tumor_epithelial_basal,NMPR
BD_immune10_105566,diploid,Tumor_epithelial_basal,NMPR
BD_immune10_708245,diploid,Tumor_epithelial_basal,NMPR
BD_immune10_529425,diploid,Tumor_epithelial_basal,NMPR
BD_immune10_145114,diploid,Tumor_epithelial_basal,NMPR
BD_immune10_460745,diploid,Tumor_epithelial_basal,NMPR
BD_immune10_545930,diploid,Tumor_epithelial_basal,NMPR
BD_immune10_401833,diploid,Tumor_epithelial_basal,NMPR
BD_immune10_531613,diploid,Tumor_epithelial_basal,NMPR
BD_immune10_251532,diploid,Tumor_epithelial_basal,NMPR
BD_immune10_788263,diploid,Tumor_epithelial_basal,NMPR
BD_immune10_290638,diploid,Tumor_epithelial_basal,NMPR
BD_immune10_806330,diploid,Tumor_epithelial_basal,NMPR
BD_immune10_574984,diploid,Tumor_epithelial_basal,NMPR
BD_immune10_634341,diploid,Tumor_epithelial_basal,NMPR
BD_immune10_375576,diploid,Tumor_epithelial_basal,NMPR
BD_immune10_814221,diploid,Tumor_epithelial_basal,NMPR
BD_immune10_872968,diploid,Tumor_epithelial_basal,NMPR
BD_immune10_833158,diploid,Tumor_epithelial_basal,NMPR
BD_immune10_470748,diploid,Tumor_epithelial_basal,NMPR
BD_immune10_503947,diploid,Tumor_epithelial_basal,NMPR
BD_immune10_605054,diploid,Tumor_epithelial_basal,NMPR
BD_immune10_174697,diploid,Tumor_epithelial_basal,NMPR
BD_immune10_719991,diploid,Tumor_epithelial_basal,NMPR
BD_immune10_249793,diploid,Tumor_epithelial_basal,NMPR
BD_immune10_399199,diploid,Tumor_epithelial_basal,NMPR
BD_immune10_781326,diploid,Tumor_epithelial_basal,NMPR
BD_immune10_553502,diploid,Tumor_epithelial_basal,NMPR
BD_immune10_840452,diploid,Tumor_epithelial_basal,NMPR
BD_immune10_469726,diploid,Tumor_epithelial_basal,NMPR
BD_immune10_27483,diploid,Tumor_epithelial_basal,NMPR
BD_immune10_876518,diploid,Tumor_epithelial_basal,NMPR
BD_immune10_471359,diploid,Tumor_epithelial_basal,NMPR
BD_immune10_782462,diploid,Tumor_epithelial_basal,NMPR
BD_immune10_6504,diploid,Tumor_epithelial_basal,NMPR
BD_immune10_549114,diploid,Tumor_epithelial_basal,NMPR
BD_immune10_50781,diploid,Tumor_epithelial_basal,NMPR
BD_immune10_514567,diploid,Tumor_epithelial_basal,NMPR
BD_immune10_569756,diploid,Tumor_epithelial_basal,NMPR
BD_immune10_648361,diploid,Tumor_epithelial_basal,NMPR
BD_immune10_845826,diploid,Tumor_epithelial_basal,NMPR
BD_immune10_511743,diploid,Tumor_epithelial_basal,NMPR
BD_immune10_544496,diploid,Tumor_epithelial_basal,NMPR
BD_immune10_722844,diploid,Tumor_epithelial_basal,NMPR
BD_immune10_861473,diploid,Tumor_epithelial_basal,NMPR
BD_immune10_490098,diploid,Tumor_epithelial_basal,NMPR
BD_immune10_87116,diploid,Tumor_epithelial_basal,NMPR
BD_immune10_822801,diploid,Tumor_epithelial_basal,NMPR
BD_immune10_803425,diploid,Tumor_epithelial_basal,NMPR
BD_immune10_778765,diploid,Tumor_epithelial_basal,NMPR
BD_immune10_245493,diploid,Tumor_epithelial_basal,NMPR
BD_immune10_161258,diploid,Tumor_epithelial_basal,NMPR
BD_immune10_880780,diploid,Tumor_epithelial_basal,NMPR
BD_immune10_220856,diploid,Tumor_epithelial_basal,NMPR
BD_immune10_28852,diploid,Tumor_epithelial_basal,NMPR
BD_immune10_729882,diploid,Tumor_epithelial_basal,NMPR
BD_immune10_815060,diploid,Tumor_epithelial_basal,NMPR
BD_immune10_284239,diploid,Tumor_epithelial_basal,NMPR
BD_immune10_831680,diploid,Tumor_epithelial_basal,NMPR
BD_immune10_412436,diploid,Tumor_epithelial_basal,NMPR
BD_immune10_74927,diploid,Tumor_epithelial_basal,NMPR
BD_immune10_855876,diploid,Tumor_epithelial_basal,NMPR
BD_immune10_556385,diploid,Tumor_epithelial_basal,NMPR
BD_immune10_51107,diploid,Tumor_epithelial_basal,NMPR
BD_immune10_306029,diploid,Tumor_epithelial_basal,NMPR
BD_immune10_154999,diploid,Tumor_epithelial_basal,NMPR
BD_immune10_841299,diploid,Tumor_epithelial_basal,NMPR
BD_immune10_11420,diploid,Tumor_epithelial_basal,NMPR
BD_immune10_563111,diploid,Tumor_epithelial_basal,NMPR
BD_immune10_354007,diploid,Tumor_epithelial_basal,NMPR
BD_immune10_163441,diploid,Tumor_epithelial_basal,NMPR
BD_immune10_129788,diploid,Tumor_epithelial_basal,NMPR
BD_immune10_274530,diploid,Tumor_epithelial_basal,NMPR
BD_immune10_279919,diploid,Tumor_epithelial_basal,NMPR
BD_immune10_369753,diploid,Tumor_epithelial_basal,NMPR
BD_immune10_40077,diploid,Tumor_epithelial_basal,NMPR
BD_immune10_246989,diploid,Tumor_epithelial_basal,NMPR
BD_immune10_609720,diploid,Tumor_epithelial_basal,NMPR
BD_immune10_851767,diploid,Tumor_epithelial_basal,NMPR
BD_immune10_38621,diploid,Tumor_epithelial_basal,NMPR
BD_immune10_596752,diploid,Tumor_epithelial_basal,NMPR
BD_immune10_743649,diploid,Tumor_epithelial_basal,NMPR
BD_immune10_544089,diploid,Tumor_epithelial_basal,NMPR
BD_immune10_712327,diploid,Tumor_epithelial_basal,NMPR
BD_immune10_390713,diploid,Tumor_epithelial_basal,NMPR
BD_immune10_183885,diploid,Tumor_epithelial_basal,NMPR
BD_immune10_595282,diploid,Tumor_epithelial_basal,NMPR
BD_immune10_354653,diploid,Tumor_epithelial_basal,NMPR
BD_immune10_376210,diploid,Tumor_epithelial_basal,NMPR
BD_immune10_80700,diploid,Tumor_epithelial_basal,NMPR
BD_immune10_36114,diploid,Tumor_epithelial_basal,NMPR
BD_immune10_745259,diploid,Tumor_epithelial_basal,NMPR
BD_immune10_247003,diploid,Tumor_epithelial_basal,NMPR
BD_immune10_218075,diploid,Tumor_epithelial_basal,NMPR
BD_immune10_231321,diploid,Tumor_epithelial_basal,NMPR
BD_immune10_39947,diploid,Tumor_epithelial_basal,NMPR
BD_immune10_379846,diploid,Tumor_epithelial_basal,NMPR
BD_immune10_69101,diploid,Tumor_epithelial_basal,NMPR
BD_immune10_510223,diploid,Tumor_epithelial_basal,NMPR
BD_immune10_453751,diploid,Tumor_epithelial_basal,NMPR
BD_immune10_808835,diploid,Tumor_epithelial_basal,NMPR
BD_immune10_685183,diploid,Tumor_epithelial_basal,NMPR
BD_immune10_541177,diploid,Tumor_epithelial_basal,NMPR
BD_immune10_856252,diploid,Tumor_epithelial_basal,NMPR
BD_immune10_535545,diploid,Tumor_epithelial_basal,NMPR
BD_immune10_192465,diploid,Tumor_epithelial_basal,NMPR
BD_immune10_741318,diploid,Tumor_epithelial_basal,NMPR
BD_immune10_551621,diploid,Tumor_epithelial_basal,NMPR
BD_immune10_482029,diploid,Tumor_epithelial_basal,NMPR
BD_immune10_544082,diploid,Tumor_epithelial_basal,NMPR
BD_immune10_746905,diploid,Tumor_epithelial_basal,NMPR
BD_immune10_275157,diploid,Tumor_epithelial_basal,NMPR
BD_immune10_629933,diploid,Tumor_epithelial_basal,NMPR
BD_immune10_316744,diploid,Tumor_epithelial_basal,NMPR
BD_immune10_174900,diploid,Tumor_epithelial_basal,NMPR
BD_immune10_56278,diploid,Tumor_epithelial_basal,NMPR
BD_immune10_698648,diploid,Tumor_epithelial_basal,NMPR
BD_immune10_197128,diploid,Tumor_epithelial_basal,NMPR
BD_immune10_630352,diploid,Tumor_epithelial_basal,NMPR
BD_immune10_66769,diploid,Tumor_epithelial_basal,NMPR
BD_immune10_441325,diploid,Tumor_epithelial_basal,NMPR
BD_immune10_14828,diploid,Tumor_epithelial_basal,NMPR
BD_immune10_3673,diploid,Tumor_epithelial_basal,NMPR
BD_immune10_597549,diploid,Tumor_epithelial_basal,NMPR
BD_immune10_678887,diploid,Tumor_epithelial_basal,NMPR
BD_immune10_107563,diploid,Tumor_epithelial_basal,NMPR
BD_immune10_204839,diploid,Tumor_epithelial_basal,NMPR
BD_immune10_459378,diploid,Tumor_epithelial_basal,NMPR
BD_immune10_195102,diploid,Tumor_epithelial_basal,NMPR
BD_immune10_493629,diploid,Tumor_epithelial_basal,NMPR
BD_immune10_369235,diploid,Tumor_epithelial_basal,NMPR
BD_immune10_554424,diploid,Tumor_epithelial_basal,NMPR
BD_immune10_215409,diploid,Tumor_epithelial_basal,NMPR
BD_immune10_483256,diploid,Tumor_epithelial_basal,NMPR
BD_immune10_533903,diploid,Tumor_epithelial_basal,NMPR
BD_immune10_529751,diploid,Tumor_epithelial_basal,NMPR
BD_immune10_701966,diploid,Tumor_epithelial_basal,NMPR
BD_immune10_870414,diploid,Tumor_epithelial_basal,NMPR
BD_immune10_165682,diploid,Tumor_epithelial_basal,NMPR
BD_immune10_353900,diploid,Tumor_epithelial_basal,NMPR
BD_immune10_208810,diploid,Tumor_epithelial_basal,NMPR
BD_immune10_775049,diploid,Tumor_epithelial_basal,NMPR
BD_immune10_274495,diploid,Tumor_epithelial_basal,NMPR
BD_immune10_68570,diploid,Tumor_epithelial_basal,NMPR
BD_immune10_180761,diploid,Tumor_epithelial_basal,NMPR
BD_immune10_388978,diploid,Tumor_epithelial_basal,NMPR
BD_immune10_857798,diploid,Tumor_epithelial_basal,NMPR
BD_immune10_745782,diploid,Tumor_epithelial_basal,NMPR
BD_immune10_268431,diploid,Tumor_epithelial_basal,NMPR
BD_immune10_586818,diploid,Tumor_epithelial_basal,NMPR
BD_immune10_583579,diploid,Tumor_epithelial_basal,NMPR
BD_immune10_748574,diploid,Tumor_epithelial_basal,NMPR
BD_immune10_305373,diploid,Tumor_epithelial_basal,NMPR
BD_immune10_251057,diploid,Tumor_epithelial_basal,NMPR
BD_immune10_436572,diploid,Tumor_epithelial_basal,NMPR
BD_immune10_692796,diploid,Tumor_epithelial_basal,NMPR
BD_immune10_336990,diploid,Tumor_epithelial_basal,NMPR
BD_immune10_560598,diploid,Tumor_epithelial_basal,NMPR
BD_immune10_118032,diploid,Tumor_epithelial_basal,NMPR
BD_immune10_119071,diploid,Tumor_epithelial_basal,NMPR
BD_immune10_398282,diploid,Tumor_epithelial_basal,NMPR
BD_immune10_11497,diploid,Tumor_epithelial_basal,NMPR
BD_immune10_770566,diploid,Tumor_epithelial_basal,NMPR
BD_immune10_852775,diploid,Tumor_epithelial_basal,NMPR
BD_immune10_234752,diploid,Tumor_epithelial_basal,NMPR
BD_immune10_60004,diploid,Tumor_epithelial_basal,NMPR
BD_immune10_592912,diploid,Tumor_epithelial_basal,NMPR
BD_immune10_240796,diploid,Tumor_epithelial_basal,NMPR
BD_immune10_170591,diploid,Tumor_epithelial_basal,NMPR
BD_immune10_27396,diploid,Tumor_epithelial_basal,NMPR
BD_immune10_165966,diploid,Tumor_epithelial_basal,NMPR
BD_immune10_131761,diploid,Tumor_epithelial_basal,NMPR
BD_immune10_816948,diploid,Tumor_epithelial_basal,NMPR
BD_immune11_78177,diploid,Ciliated_epithelial,MPR
BD_immune11_127184,diploid,Ciliated_epithelial,MPR
BD_immune11_465550,diploid,Ciliated_epithelial,MPR
BD_immune11_129854,diploid,Ciliated_epithelial,MPR
BD_immune11_655868,diploid,Ciliated_epithelial,MPR
BD_immune11_741571,diploid,Ciliated_epithelial,MPR
BD_immune11_594514,diploid,Ciliated_epithelial,MPR
BD_immune11_430145,diploid,Ciliated_epithelial,MPR
BD_immune11_714781,diploid,Ciliated_epithelial,MPR
BD_immune11_517070,diploid,Ciliated_epithelial,MPR
BD_immune11_435036,diploid,Ciliated_epithelial,MPR
BD_immune11_585794,diploid,Ciliated_epithelial,MPR
BD_immune11_387986,diploid,Ciliated_epithelial,MPR
BD_immune11_585313,diploid,Ciliated_epithelial,MPR
BD_immune11_851522,diploid,Ciliated_epithelial,MPR
BD_immune11_111584,diploid,Ciliated_epithelial,MPR
BD_immune11_728668,diploid,Ciliated_epithelial,MPR
BD_immune11_496681,diploid,Ciliated_epithelial,MPR
BD_immune11_769451,diploid,Ciliated_epithelial,MPR
BD_immune11_506169,diploid,Ciliated_epithelial,MPR
BD_immune11_376321,diploid,Ciliated_epithelial,MPR
BD_immune11_807506,diploid,Ciliated_epithelial,MPR
BD_immune11_709930,diploid,Ciliated_epithelial,MPR
BD_immune11_591231,diploid,Ciliated_epithelial,MPR
BD_immune11_324928,diploid,Ciliated_epithelial,MPR
BD_immune11_32838,diploid,Ciliated_epithelial,MPR
BD_immune11_591232,diploid,Ciliated_epithelial,MPR
BD_immune11_688050,diploid,Ciliated_epithelial,MPR
BD_immune11_456616,diploid,Ciliated_epithelial,MPR
BD_immune11_797208,diploid,Ciliated_epithelial,MPR
BD_immune11_524136,diploid,Ciliated_epithelial,MPR
BD_immune11_52398,diploid,Ciliated_epithelial,MPR
BD_immune11_636890,diploid,Ciliated_epithelial,MPR
BD_immune11_173014,diploid,Ciliated_epithelial,MPR
BD_immune11_38494,diploid,Ciliated_epithelial,MPR
BD_immune11_66903,diploid,Ciliated_epithelial,MPR
BD_immune11_104179,diploid,Ciliated_epithelial,MPR
BD_immune11_465297,diploid,Ciliated_epithelial,MPR
BD_immune11_675786,diploid,Ciliated_epithelial,MPR
BD_immune11_513452,diploid,Ciliated_epithelial,MPR
BD_immune11_150201,diploid,Ciliated_epithelial,MPR
BD_immune11_671271,diploid,Ciliated_epithelial,MPR
BD_immune11_448450,diploid,Ciliated_epithelial,MPR
BD_immune11_158447,diploid,Ciliated_epithelial,MPR
BD_immune11_358858,diploid,Ciliated_epithelial,MPR
BD_immune11_47918,diploid,Ciliated_epithelial,MPR
BD_immune11_436879,diploid,Ciliated_epithelial,MPR
BD_immune11_233240,diploid,Ciliated_epithelial,MPR
BD_immune11_174871,diploid,Ciliated_epithelial,MPR
BD_immune11_818712,diploid,Ciliated_epithelial,MPR
BD_immune11_665043,diploid,Ciliated_epithelial,MPR
BD_immune11_15235,diploid,Ciliated_epithelial,MPR
BD_immune11_382510,diploid,Ciliated_epithelial,MPR
BD_immune11_418392,diploid,Ciliated_epithelial,MPR
BD_immune11_95035,diploid,Ciliated_epithelial,MPR
BD_immune11_617113,diploid,Ciliated_epithelial,MPR
BD_immune11_112914,diploid,Ciliated_epithelial,MPR
BD_immune11_382703,diploid,Ciliated_epithelial,MPR
BD_immune11_728900,diploid,Ciliated_epithelial,MPR
BD_immune11_492361,diploid,Ciliated_epithelial,MPR
BD_immune11_635903,diploid,Ciliated_epithelial,MPR
BD_immune11_248087,diploid,Ciliated_epithelial,MPR
BD_immune11_839316,diploid,Ciliated_epithelial,MPR
BD_immune11_380435,diploid,Ciliated_epithelial,MPR
BD_immune11_582593,diploid,Ciliated_epithelial,MPR
BD_immune11_622608,diploid,Ciliated_epithelial,MPR
BD_immune11_498493,diploid,Ciliated_epithelial,MPR
BD_immune11_414783,diploid,Ciliated_epithelial,MPR
BD_immune11_65855,diploid,Ciliated_epithelial,MPR
BD_immune11_61982,diploid,Ciliated_epithelial,MPR
BD_immune11_882059,diploid,Ciliated_epithelial,MPR
BD_immune11_638589,diploid,Ciliated_epithelial,MPR
BD_immune11_1429,diploid,Ciliated_epithelial,MPR
BD_immune11_70104,diploid,Ciliated_epithelial,MPR
BD_immune11_41387,diploid,Ciliated_epithelial,MPR
BD_immune11_7131,diploid,Ciliated_epithelial,MPR
BD_immune11_877867,diploid,Ciliated_epithelial,MPR
BD_immune11_487890,diploid,Ciliated_epithelial,MPR
BD_immune11_354081,diploid,Ciliated_epithelial,MPR
BD_immune11_546898,diploid,Ciliated_epithelial,MPR
BD_immune11_419734,diploid,Ciliated_epithelial,MPR
BD_immune11_802374,diploid,Ciliated_epithelial,MPR
BD_immune11_88695,diploid,Ciliated_epithelial,MPR
BD_immune11_233804,diploid,Ciliated_epithelial,MPR
BD_immune11_2285,diploid,Ciliated_epithelial,MPR
BD_immune11_848730,diploid,Ciliated_epithelial,MPR
BD_immune11_402531,diploid,Ciliated_epithelial,MPR
BD_immune11_119670,diploid,Ciliated_epithelial,MPR
BD_immune11_90592,diploid,Ciliated_epithelial,MPR
BD_immune11_620021,diploid,Ciliated_epithelial,MPR
BD_immune11_116239,diploid,Ciliated_epithelial,MPR
BD_immune11_496667,diploid,Ciliated_epithelial,MPR
BD_immune11_172824,diploid,Ciliated_epithelial,MPR
BD_immune11_99323,diploid,Ciliated_epithelial,MPR
BD_immune11_241411,diploid,Ciliated_epithelial,MPR
BD_immune11_525212,diploid,Ciliated_epithelial,MPR
BD_immune11_863832,diploid,Ciliated_epithelial,MPR
BD_immune11_426386,diploid,Ciliated_epithelial,MPR
BD_immune11_871409,diploid,Ciliated_epithelial,MPR
BD_immune11_807795,diploid,Ciliated_epithelial,MPR
BD_immune11_355788,diploid,Ciliated_epithelial,MPR
BD_immune11_166152,diploid,Ciliated_epithelial,MPR
BD_immune11_301340,diploid,Ciliated_epithelial,MPR
BD_immune11_236910,diploid,Ciliated_epithelial,MPR
BD_immune11_342313,diploid,Ciliated_epithelial,MPR
BD_immune11_499164,diploid,Ciliated_epithelial,MPR
BD_immune11_142421,diploid,Ciliated_epithelial,MPR
BD_immune11_356021,diploid,Ciliated_epithelial,MPR
BD_immune11_755192,diploid,Ciliated_epithelial,MPR
BD_immune11_646441,diploid,Ciliated_epithelial,MPR
BD_immune11_706217,diploid,Ciliated_epithelial,MPR
BD_immune11_788399,diploid,Ciliated_epithelial,MPR
BD_immune11_398221,diploid,Ciliated_epithelial,MPR
BD_immune11_498670,diploid,Ciliated_epithelial,MPR
BD_immune11_844330,diploid,Ciliated_epithelial,MPR
BD_immune11_34209,diploid,Ciliated_epithelial,MPR
BD_immune11_89351,diploid,Ciliated_epithelial,MPR
BD_immune11_646451,diploid,Ciliated_epithelial,MPR
BD_immune11_233942,diploid,Ciliated_epithelial,MPR
BD_immune11_353334,diploid,Ciliated_epithelial,MPR
BD_immune11_721954,diploid,Ciliated_epithelial,MPR
BD_immune11_263208,diploid,Ciliated_epithelial,MPR
BD_immune11_874426,diploid,Ciliated_epithelial,MPR
BD_immune11_530325,diploid,Ciliated_epithelial,MPR
BD_immune11_156190,diploid,Ciliated_epithelial,MPR
BD_immune11_478753,diploid,Ciliated_epithelial,MPR
BD_immune11_857982,diploid,Ciliated_epithelial,MPR
BD_immune11_215452,diploid,Ciliated_epithelial,MPR
BD_immune11_463155,diploid,Ciliated_epithelial,MPR
BD_immune11_354113,diploid,Ciliated_epithelial,MPR
BD_immune11_570891,diploid,Ciliated_epithelial,MPR
BD_immune11_604003,diploid,Ciliated_epithelial,MPR
BD_immune11_565026,diploid,Ciliated_epithelial,MPR
BD_immune11_517833,diploid,Ciliated_epithelial,MPR
BD_immune11_79210,diploid,Ciliated_epithelial,MPR
BD_immune11_645010,diploid,Ciliated_epithelial,MPR
BD_immune11_138877,diploid,Ciliated_epithelial,MPR
BD_immune11_141938,diploid,Ciliated_epithelial,MPR
BD_immune11_191820,diploid,Ciliated_epithelial,MPR
BD_immune11_162836,diploid,Ciliated_epithelial,MPR
BD_immune11_73376,diploid,Ciliated_epithelial,MPR
BD_immune11_73348,diploid,Ciliated_epithelial,MPR
BD_immune11_514597,diploid,Ciliated_epithelial,MPR
BD_immune11_866065,diploid,Ciliated_epithelial,MPR
BD_immune11_256984,diploid,Ciliated_epithelial,MPR
BD_immune11_243467,diploid,Ciliated_epithelial,MPR
BD_immune11_767373,diploid,Ciliated_epithelial,MPR
BD_immune11_824510,diploid,Ciliated_epithelial,MPR
BD_immune11_797833,diploid,Ciliated_epithelial,MPR
BD_immune11_253222,diploid,Ciliated_epithelial,MPR
BD_immune11_730603,diploid,Ciliated_epithelial,MPR
BD_immune11_158309,diploid,Ciliated_epithelial,MPR
BD_immune11_494425,diploid,Ciliated_epithelial,MPR
BD_immune11_260569,diploid,Ciliated_epithelial,MPR
BD_immune11_165577,diploid,Ciliated_epithelial,MPR
BD_immune11_365453,diploid,Ciliated_epithelial,MPR
BD_immune11_11846,diploid,Ciliated_epithelial,MPR
BD_immune11_64475,diploid,Ciliated_epithelial,MPR
BD_immune11_37375,diploid,Ciliated_epithelial,MPR
BD_immune11_690629,diploid,Ciliated_epithelial,MPR
BD_immune11_53351,diploid,Ciliated_epithelial,MPR
BD_immune11_560386,diploid,Ciliated_epithelial,MPR
BD_immune11_477525,diploid,Ciliated_epithelial,MPR
BD_immune11_843037,diploid,Ciliated_epithelial,MPR
BD_immune11_385482,diploid,Ciliated_epithelial,MPR
BD_immune11_856686,diploid,Ciliated_epithelial,MPR
BD_immune11_408883,diploid,Ciliated_epithelial,MPR
BD_immune11_408225,diploid,Ciliated_epithelial,MPR
BD_immune11_137305,diploid,Ciliated_epithelial,MPR
BD_immune11_476332,diploid,Ciliated_epithelial,MPR
BD_immune11_234873,diploid,Ciliated_epithelial,MPR
BD_immune11_131460,diploid,Ciliated_epithelial,MPR
BD_immune11_820879,diploid,Ciliated_epithelial,MPR
BD_immune11_686119,diploid,Ciliated_epithelial,MPR
BD_immune11_230454,diploid,Ciliated_epithelial,MPR
BD_immune11_578189,diploid,Ciliated_epithelial,MPR
BD_immune11_551719,diploid,Ciliated_epithelial,MPR
BD_immune11_234230,diploid,Ciliated_epithelial,MPR
BD_immune11_388616,diploid,Ciliated_epithelial,MPR
BD_immune11_186194,diploid,Ciliated_epithelial,MPR
BD_immune11_708051,diploid,Ciliated_epithelial,MPR
BD_immune11_672030,diploid,Ciliated_epithelial,MPR
BD_immune11_125948,diploid,Ciliated_epithelial,MPR
BD_immune11_432245,diploid,Ciliated_epithelial,MPR
BD_immune11_197401,diploid,Ciliated_epithelial,MPR
BD_immune11_207187,diploid,Ciliated_epithelial,MPR
BD_immune11_647814,diploid,Ciliated_epithelial,MPR
BD_immune11_31730,diploid,Ciliated_epithelial,MPR
BD_immune11_759039,diploid,Ciliated_epithelial,MPR
BD_immune11_104504,diploid,Ciliated_epithelial,MPR
BD_immune11_19457,diploid,Ciliated_epithelial,MPR
BD_immune11_873872,diploid,Ciliated_epithelial,MPR
BD_immune11_382133,diploid,Ciliated_epithelial,MPR
BD_immune11_169117,diploid,Ciliated_epithelial,MPR
BD_immune11_535923,diploid,Ciliated_epithelial,MPR
BD_immune11_773863,diploid,Ciliated_epithelial,MPR
BD_immune11_657058,diploid,Ciliated_epithelial,MPR
BD_immune11_880965,diploid,Ciliated_epithelial,MPR
BD_immune11_347230,diploid,Ciliated_epithelial,MPR
BD_immune11_314738,diploid,Ciliated_epithelial,MPR
BD_immune11_851398,diploid,Ciliated_epithelial,MPR
BD_immune11_227739,diploid,Ciliated_epithelial,MPR
BD_immune11_773809,diploid,Ciliated_epithelial,MPR
BD_immune11_5678,diploid,Ciliated_epithelial,MPR
BD_immune12_347497,diploid,Ciliated_epithelial,NMPR
BD_immune12_770597,diploid,Ciliated_epithelial,NMPR
BD_immune12_435307,diploid,Ciliated_epithelial,NMPR
BD_immune12_794646,diploid,Ciliated_epithelial,NMPR
BD_immune12_487429,diploid,Ciliated_epithelial,NMPR
BD_immune12_373941,diploid,Ciliated_epithelial,NMPR
BD_immune12_241771,diploid,Ciliated_epithelial,NMPR
BD_immune12_432275,diploid,Ciliated_epithelial,NMPR
BD_immune12_707488,diploid,Ciliated_epithelial,NMPR
BD_immune12_772414,diploid,Ciliated_epithelial,NMPR
BD_immune12_605279,diploid,Ciliated_epithelial,NMPR
BD_immune12_809503,diploid,Ciliated_epithelial,NMPR
BD_immune12_345386,diploid,Ciliated_epithelial,NMPR
BD_immune12_115619,diploid,Ciliated_epithelial,NMPR
BD_immune12_87408,diploid,Ciliated_epithelial,NMPR
BD_immune12_474762,diploid,Ciliated_epithelial,NMPR
BD_immune12_161584,diploid,Ciliated_epithelial,NMPR
BD_immune12_65192,diploid,Ciliated_epithelial,NMPR
BD_immune12_700435,diploid,Ciliated_epithelial,NMPR
BD_immune12_136734,diploid,Ciliated_epithelial,NMPR
BD_immune12_883714,diploid,Ciliated_epithelial,NMPR
BD_immune12_508351,diploid,Ciliated_epithelial,NMPR
BD_immune12_485318,diploid,Ciliated_epithelial,NMPR
BD_immune12_255726,diploid,Ciliated_epithelial,NMPR
BD_immune12_472802,diploid,Ciliated_epithelial,NMPR
BD_immune12_602666,diploid,Ciliated_epithelial,NMPR
BD_immune12_332776,diploid,Ciliated_epithelial,NMPR
BD_immune12_672441,diploid,Ciliated_epithelial,NMPR
BD_immune12_184681,diploid,Ciliated_epithelial,NMPR
BD_immune12_142312,diploid,Ciliated_epithelial,NMPR
BD_immune12_576569,diploid,Ciliated_epithelial,NMPR
BD_immune12_104410,diploid,Ciliated_epithelial,NMPR
BD_immune12_517420,diploid,Ciliated_epithelial,NMPR
BD_immune12_443865,diploid,Ciliated_epithelial,NMPR
BD_immune12_688790,diploid,Ciliated_epithelial,NMPR
BD_immune12_856035,diploid,Ciliated_epithelial,NMPR
BD_immune12_161631,diploid,Ciliated_epithelial,NMPR
BD_immune12_567735,diploid,Ciliated_epithelial,NMPR
BD_immune12_214307,diploid,Ciliated_epithelial,NMPR
BD_immune12_652233,diploid,Ciliated_epithelial,NMPR
BD_immune12_24826,diploid,Ciliated_epithelial,NMPR
BD_immune12_206917,diploid,Ciliated_epithelial,NMPR
BD_immune12_267025,diploid,Ciliated_epithelial,NMPR
BD_immune12_430775,diploid,Ciliated_epithelial,NMPR
BD_immune12_444223,diploid,Ciliated_epithelial,NMPR
BD_immune12_374877,diploid,Ciliated_epithelial,NMPR
BD_immune12_146886,diploid,Ciliated_epithelial,NMPR
BD_immune12_564314,diploid,Ciliated_epithelial,NMPR
BD_immune13_39365,diploid,Ciliated_epithelial,NMPR
BD_immune13_114773,diploid,Tumor_epithelial_basal,NMPR
BD_immune14_647651,diploid,Ciliated_epithelial,MPR
BD_immune14_486333,diploid,Ciliated_epithelial,MPR
BD_immune14_425767,diploid,Ciliated_epithelial,MPR
BD_immune14_662536,diploid,Ciliated_epithelial,MPR
BD_immune14_653962,diploid,Ciliated_epithelial,MPR
BD_immune14_843297,diploid,Ciliated_epithelial,MPR
BD_immune14_799760,diploid,Ciliated_epithelial,MPR
BD_immune14_573048,diploid,Ciliated_epithelial,MPR
BD_immune14_540649,diploid,Ciliated_epithelial,MPR
BD_immune14_477134,diploid,Ciliated_epithelial,MPR
BD_immune14_68493,diploid,Ciliated_epithelial,MPR
BD_immune14_844765,diploid,Ciliated_epithelial,MPR
BD_immune14_828505,diploid,Ciliated_epithelial,MPR
BD_immune14_505664,diploid,Ciliated_epithelial,MPR
BD_immune14_411892,diploid,Ciliated_epithelial,MPR
BD_immune14_533330,diploid,Ciliated_epithelial,MPR
BD_immune14_874713,diploid,Ciliated_epithelial,MPR
BD_immune14_623031,diploid,Ciliated_epithelial,MPR
BD_immune14_532013,diploid,Ciliated_epithelial,MPR
BD_immune14_2495,diploid,Ciliated_epithelial,MPR
BD_immune14_206004,diploid,Ciliated_epithelial,MPR
BD_immune14_68312,diploid,Ciliated_epithelial,MPR
BD_immune14_42112,diploid,Ciliated_epithelial,MPR
BD_immune14_48989,diploid,Ciliated_epithelial,MPR
BD_immune14_312909,diploid,Ciliated_epithelial,MPR
BD_immune14_679768,diploid,Ciliated_epithelial,MPR
BD_immune14_182776,diploid,Ciliated_epithelial,MPR
BD_immune14_79961,diploid,Ciliated_epithelial,MPR
BD_immune14_375322,diploid,Ciliated_epithelial,MPR
BD_immune14_551142,diploid,Ciliated_epithelial,MPR
BD_immune14_781868,diploid,Ciliated_epithelial,MPR
BD_immune14_40314,diploid,Ciliated_epithelial,MPR
BD_immune14_522363,diploid,Ciliated_epithelial,MPR
BD_immune14_711711,diploid,Ciliated_epithelial,MPR
BD_immune14_703899,diploid,Ciliated_epithelial,MPR
BD_immune14_240162,diploid,Ciliated_epithelial,MPR
BD_immune14_153489,diploid,Ciliated_epithelial,MPR
BD_immune14_787243,diploid,Ciliated_epithelial,MPR
BD_immune14_479440,diploid,Ciliated_epithelial,MPR
BD_immune14_141831,diploid,Ciliated_epithelial,MPR
BD_immune14_181950,diploid,Ciliated_epithelial,MPR
BD_immune14_385869,diploid,Ciliated_epithelial,MPR
BD_immune14_751788,diploid,Ciliated_epithelial,MPR
BD_immune14_882277,diploid,Ciliated_epithelial,MPR
BD_immune14_109363,diploid,Ciliated_epithelial,MPR
BD_immune14_778400,diploid,Ciliated_epithelial,MPR
BD_immune14_246806,diploid,Ciliated_epithelial,MPR
BD_immune14_266198,diploid,Ciliated_epithelial,MPR
BD_immune14_171750,diploid,Ciliated_epithelial,MPR
BD_immune14_364733,diploid,Ciliated_epithelial,MPR
BD_immune14_768991,diploid,Ciliated_epithelial,MPR
BD_immune14_338290,diploid,Ciliated_epithelial,MPR
BD_immune14_697684,diploid,Ciliated_epithelial,MPR
BD_immune14_296461,diploid,Ciliated_epithelial,MPR
BD_immune14_695818,diploid,Ciliated_epithelial,MPR
BD_immune14_625531,diploid,Ciliated_epithelial,MPR
BD_immune14_381194,diploid,Ciliated_epithelial,MPR
BD_immune14_454305,diploid,Ciliated_epithelial,MPR
BD_immune14_572827,diploid,Ciliated_epithelial,MPR
BD_immune14_431363,diploid,Ciliated_epithelial,MPR
BD_immune14_464089,diploid,Ciliated_epithelial,MPR
BD_immune14_563968,diploid,Ciliated_epithelial,MPR
BD_immune14_164388,diploid,Ciliated_epithelial,MPR
BD_immune14_78618,diploid,Ciliated_epithelial,MPR
BD_immune14_856109,diploid,Ciliated_epithelial,MPR
BD_immune14_777286,diploid,Ciliated_epithelial,MPR
BD_immune14_88178,diploid,Ciliated_epithelial,MPR
BD_immune14_72607,diploid,Ciliated_epithelial,MPR
BD_immune14_862325,diploid,Ciliated_epithelial,MPR
BD_immune14_601230,diploid,Ciliated_epithelial,MPR
BD_immune14_865742,diploid,Ciliated_epithelial,MPR
BD_immune14_306487,diploid,Ciliated_epithelial,MPR
BD_immune14_270629,diploid,Ciliated_epithelial,MPR
BD_immune14_97882,diploid,Ciliated_epithelial,MPR
BD_immune14_505733,diploid,Ciliated_epithelial,MPR
BD_immune14_225446,diploid,Ciliated_epithelial,MPR
BD_immune14_319390,diploid,Ciliated_epithelial,MPR
BD_immune14_294203,diploid,Ciliated_epithelial,MPR
BD_immune14_659950,diploid,Ciliated_epithelial,MPR
BD_immune14_560049,diploid,Ciliated_epithelial,MPR
BD_immune14_397636,diploid,Ciliated_epithelial,MPR
BD_immune14_680671,diploid,Ciliated_epithelial,MPR
BD_immune14_717151,diploid,Ciliated_epithelial,MPR
BD_immune14_170840,diploid,Ciliated_epithelial,MPR
BD_immune14_293819,diploid,Ciliated_epithelial,MPR
BD_immune14_205968,diploid,Ciliated_epithelial,MPR
BD_immune14_134165,diploid,Ciliated_epithelial,MPR
BD_immune14_408863,diploid,Ciliated_epithelial,MPR
BD_immune14_671606,diploid,Ciliated_epithelial,MPR
BD_immune14_784725,diploid,Ciliated_epithelial,MPR
BD_immune14_876157,diploid,Ciliated_epithelial,MPR
BD_immune14_838818,diploid,Ciliated_epithelial,MPR
BD_immune14_475703,diploid,Ciliated_epithelial,MPR
BD_immune14_553739,diploid,Ciliated_epithelial,MPR
BD_immune14_431395,diploid,Ciliated_epithelial,MPR
BD_immune14_590844,diploid,Ciliated_epithelial,MPR
BD_immune14_283944,diploid,Ciliated_epithelial,MPR
BD_immune14_851755,diploid,Ciliated_epithelial,MPR
BD_immune14_470913,diploid,Ciliated_epithelial,MPR
BD_immune14_635890,diploid,Ciliated_epithelial,MPR
BD_immune14_436957,diploid,Ciliated_epithelial,MPR
BD_immune14_223775,diploid,Ciliated_epithelial,MPR
BD_immune14_128126,diploid,Ciliated_epithelial,MPR
BD_immune14_281560,diploid,Ciliated_epithelial,MPR
BD_immune14_723492,diploid,Ciliated_epithelial,MPR
BD_immune14_504512,diploid,Ciliated_epithelial,MPR
BD_immune14_532178,diploid,Ciliated_epithelial,MPR
BD_immune14_395182,diploid,Ciliated_epithelial,MPR
BD_immune14_879190,diploid,Ciliated_epithelial,MPR
BD_immune14_829151,diploid,Ciliated_epithelial,MPR
BD_immune14_834822,diploid,Ciliated_epithelial,MPR
BD_immune14_853782,diploid,Ciliated_epithelial,MPR
BD_immune15_425901,diploid,Ciliated_epithelial,NMPR
BD_immune15_730534,diploid,Ciliated_epithelial,NMPR
BD_immune15_182945,diploid,Ciliated_epithelial,NMPR
BD_immune15_716454,diploid,Ciliated_epithelial,NMPR
BD_immune15_217527,diploid,Ciliated_epithelial,NMPR
BD_immune15_172422,diploid,Ciliated_epithelial,NMPR
BD_immune15_850540,diploid,Ciliated_epithelial,NMPR
BD_immune15_320639,diploid,Ciliated_epithelial,NMPR
BD_immune15_270336,diploid,Ciliated_epithelial,NMPR
BD_immune15_127864,diploid,Ciliated_epithelial,NMPR
BD_immune15_735723,diploid,Ciliated_epithelial,NMPR
BD_immune15_852140,diploid,Ciliated_epithelial,NMPR
BD_immune15_346445,diploid,Ciliated_epithelial,NMPR
BD_immune15_218558,diploid,Ciliated_epithelial,NMPR
BD_immune15_399664,diploid,Ciliated_epithelial,NMPR
BD_immune15_516665,diploid,Ciliated_epithelial,NMPR
BD_immune15_139372,diploid,Ciliated_epithelial,NMPR
BD_immune15_864594,diploid,Ciliated_epithelial,NMPR
BD_immune15_651368,diploid,Ciliated_epithelial,NMPR
BD_immune15_6748,diploid,Ciliated_epithelial,NMPR
BD_immune15_752216,diploid,Ciliated_epithelial,NMPR
BD_immune15_3758,diploid,Ciliated_epithelial,NMPR
BD_immune15_247072,diploid,Ciliated_epithelial,NMPR
BD_immune15_430040,diploid,Ciliated_epithelial,NMPR
BD_immune15_28900,diploid,Ciliated_epithelial,NMPR
BD_immune15_305040,diploid,Ciliated_epithelial,NMPR
BD_immune15_182005,diploid,Ciliated_epithelial,NMPR
BD_immune15_430052,diploid,Ciliated_epithelial,NMPR
BD_immune15_762511,diploid,Ciliated_epithelial,NMPR
BD_immune15_297523,diploid,Ciliated_epithelial,NMPR
BD_immune15_482173,diploid,Ciliated_epithelial,NMPR
BD_immune15_451356,diploid,Ciliated_epithelial,NMPR
BD_immune15_172808,diploid,Ciliated_epithelial,NMPR
BD_immune15_681879,diploid,Ciliated_epithelial,NMPR
BD_immune15_330399,diploid,Ciliated_epithelial,NMPR
BD_immune15_9343,diploid,Ciliated_epithelial,NMPR
BD_immune15_44632,diploid,Ciliated_epithelial,NMPR
BD_immune15_49470,diploid,Ciliated_epithelial,NMPR
BD_immune15_490799,diploid,Ciliated_epithelial,NMPR
BD_immune15_296500,diploid,Ciliated_epithelial,NMPR
BD_immune15_303995,diploid,Ciliated_epithelial,NMPR
BD_immune15_756421,diploid,Ciliated_epithelial,NMPR
BD_immune15_478215,diploid,Ciliated_epithelial,NMPR
BD_immune15_234861,diploid,Ciliated_epithelial,NMPR
BD_immune15_279133,diploid,Ciliated_epithelial,NMPR
BD_immune15_819301,diploid,Ciliated_epithelial,NMPR
BD_immune15_262976,diploid,Ciliated_epithelial,NMPR
BD_immune15_625255,diploid,Ciliated_epithelial,NMPR
BD_immune15_522632,diploid,Ciliated_epithelial,NMPR
BD_immune15_454574,diploid,Ciliated_epithelial,NMPR
BD_immune15_771423,diploid,Ciliated_epithelial,NMPR
BD_immune15_391053,diploid,Ciliated_epithelial,NMPR
BD_immune15_743970,diploid,Ciliated_epithelial,NMPR
BD_immune15_334078,diploid,Ciliated_epithelial,NMPR
BD_immune15_173039,diploid,Ciliated_epithelial,NMPR
BD_immune15_53101,diploid,Ciliated_epithelial,NMPR
BD_immune15_25994,diploid,Ciliated_epithelial,NMPR
BD_immune15_703199,diploid,Ciliated_epithelial,NMPR
BD_immune15_161844,diploid,Ciliated_epithelial,NMPR
BD_immune15_817148,diploid,Ciliated_epithelial,NMPR
BD_immune15_226074,diploid,Ciliated_epithelial,NMPR
BD_immune15_89246,diploid,Ciliated_epithelial,NMPR
BD_immune15_254973,diploid,Ciliated_epithelial,NMPR
BD_immune15_611385,diploid,Ciliated_epithelial,NMPR
BD_immune15_443175,diploid,Ciliated_epithelial,NMPR
BD_immune15_476018,diploid,Ciliated_epithelial,NMPR
BD_immune15_307971,diploid,Ciliated_epithelial,NMPR
BD_immune15_316730,diploid,Ciliated_epithelial,NMPR
BD_immune15_808896,diploid,Ciliated_epithelial,NMPR
BD_immune15_3089,diploid,Tumor_epithelial_basal,NMPR
BD_immune15_340292,diploid,Ciliated_epithelial,NMPR
BD_immune15_63122,diploid,Ciliated_epithelial,NMPR
BD_immune15_250693,diploid,Ciliated_epithelial,NMPR
BD_immune15_590202,diploid,Ciliated_epithelial,NMPR
BD_immune15_150783,diploid,Ciliated_epithelial,NMPR
BD_immune15_101810,diploid,Ciliated_epithelial,NMPR
BD_immune15_636560,diploid,Ciliated_epithelial,NMPR
BD_immune15_412134,diploid,Ciliated_epithelial,NMPR
BD_immune15_476680,diploid,Ciliated_epithelial,NMPR
BD_immune15_396367,diploid,Ciliated_epithelial,NMPR
BD_immune15_333227,diploid,Ciliated_epithelial,NMPR
BD_immune15_692880,diploid,Ciliated_epithelial,NMPR
BD_immune15_527333,diploid,Ciliated_epithelial,NMPR
BD_immune15_320223,diploid,Ciliated_epithelial,NMPR
BD_immune15_9475,diploid,Ciliated_epithelial,NMPR
BD_immune15_450924,diploid,Ciliated_epithelial,NMPR
BD_immune15_184518,diploid,Ciliated_epithelial,NMPR
BD_immune15_882196,diploid,Ciliated_epithelial,NMPR
BD_immune15_269107,diploid,Ciliated_epithelial,NMPR
BD_immune15_171646,diploid,Ciliated_epithelial,NMPR
BD_immune15_3982,diploid,Ciliated_epithelial,NMPR
BD_immune15_78112,diploid,Ciliated_epithelial,NMPR
BD_immune15_221847,diploid,Ciliated_epithelial,NMPR
BD_immune15_117369,diploid,Ciliated_epithelial,NMPR
BD_immune15_737463,diploid,Ciliated_epithelial,NMPR
BD_immune15_396037,diploid,Ciliated_epithelial,NMPR
BD_immune15_761832,diploid,Ciliated_epithelial,NMPR
BD_immune15_595178,diploid,Ciliated_epithelial,NMPR
BD_immune15_394517,diploid,Ciliated_epithelial,NMPR
BD_immune15_248262,diploid,Ciliated_epithelial,NMPR
BD_immune15_639533,diploid,Ciliated_epithelial,NMPR
BD_immune15_63173,diploid,Ciliated_epithelial,NMPR
BD_immune15_366755,diploid,Ciliated_epithelial,NMPR
BD_immune15_178914,diploid,Ciliated_epithelial,NMPR
BD_immune15_612147,diploid,Ciliated_epithelial,NMPR
BD_immune15_834727,diploid,Ciliated_epithelial,NMPR
BD_immune15_572535,diploid,Ciliated_epithelial,NMPR
BD_immune15_875093,diploid,Ciliated_epithelial,NMPR
BD_immune15_654577,diploid,Ciliated_epithelial,NMPR
BD_immune15_503793,diploid,Ciliated_epithelial,NMPR
BD_immune15_256682,diploid,Ciliated_epithelial,NMPR
BD_immune15_138701,diploid,Ciliated_epithelial,NMPR
BD_immune15_31435,diploid,Ciliated_epithelial,NMPR
BD_immune15_637030,diploid,Ciliated_epithelial,NMPR
BD_immune15_19962,diploid,Ciliated_epithelial,NMPR
BD_immune15_206837,diploid,Ciliated_epithelial,NMPR
BD_immune15_528297,diploid,Ciliated_epithelial,NMPR
BD_immune15_529438,diploid,Ciliated_epithelial,NMPR
BD_immune15_646895,diploid,Ciliated_epithelial,NMPR
BD_immune15_50158,diploid,Ciliated_epithelial,NMPR
BD_immune15_38400,diploid,Ciliated_epithelial,NMPR
BD_immune15_603233,diploid,Ciliated_epithelial,NMPR
BD_immune15_541606,diploid,Ciliated_epithelial,NMPR
BD_immune15_645599,diploid,Ciliated_epithelial,NMPR
BD_immune15_429657,diploid,Ciliated_epithelial,NMPR
BD_immune15_334962,diploid,Ciliated_epithelial,NMPR
BD_immune15_228416,diploid,Ciliated_epithelial,NMPR
BD_immune15_478884,diploid,Ciliated_epithelial,NMPR
BD_immune15_325615,diploid,Ciliated_epithelial,NMPR
BD_immune15_825730,diploid,Ciliated_epithelial,NMPR
BD_immune15_870703,diploid,Ciliated_epithelial,NMPR
BD_immune15_426255,diploid,Ciliated_epithelial,NMPR
BD_immune15_619364,diploid,Ciliated_epithelial,NMPR
BD_immune15_727488,diploid,Ciliated_epithelial,NMPR
BD_immune15_620803,diploid,Ciliated_epithelial,NMPR
BD_immune15_413230,diploid,Ciliated_epithelial,NMPR
BD_immune15_205747,diploid,Ciliated_epithelial,NMPR
BD_immune15_252746,diploid,Ciliated_epithelial,NMPR
BD_immune15_681904,diploid,Ciliated_epithelial,NMPR
BD_immune15_123040,diploid,Ciliated_epithelial,NMPR
BD_immune15_296485,diploid,Ciliated_epithelial,NMPR
BD_immune15_484620,diploid,Ciliated_epithelial,NMPR
BD_immune15_374255,diploid,Ciliated_epithelial,NMPR
BD_immune15_493727,diploid,Ciliated_epithelial,NMPR
BD_immune15_456821,diploid,Ciliated_epithelial,NMPR
BD_immune15_399033,diploid,Ciliated_epithelial,NMPR
BD_immune15_722389,diploid,Ciliated_epithelial,NMPR
BD_immune07_606068,diploid,Tumor_epithelial_basal,NMPR
BD_immune07_161846,diploid,Tumor_epithelial_basal,NMPR
BD_immune07_222789,diploid,Tumor_epithelial_basal,NMPR
BD_immune05_651720,diploid,Tumor_epithelial_basal,NMPR
BD_immune09_34983,aneuploid,Tumor_epithelial_basal,NMPR
BD_immune09_6732,aneuploid,Tumor_epithelial_basal,NMPR
BD_immune09_311353,aneuploid,Tumor_epithelial_basal,NMPR
BD_immune07_848115,diploid,Tumor_epithelial_basal,NMPR
BD_immune11_594190,diploid,Ciliated_epithelial,MPR
BD_immune11_637603,diploid,Ciliated_epithelial,MPR
BD_immune15_282771,not.defined,Ciliated_epithelial,NMPR
BD_immune02_335965,not.defined,Ciliated_epithelial,NMPR
BD_immune04_252496,not.defined,Ciliated_epithelial,NMPR
BD_immune07_666701,not.defined,Tumor_epithelial_basal,NMPR
BD_immune09_157839,not.defined,Tumor_epithelial_basal,NMPR
BD_immune09_562593,not.defined,Tumor_epithelial_basal,NMPR
BD_immune09_875177,not.defined,Tumor_epithelial_basal,NMPR
BD_immune09_241583,not.defined,Tumor_epithelial_basal,NMPR
BD_immune10_773704,not.defined,Tumor_epithelial_basal,NMPR
BD_immune10_325172,not.defined,Tumor_epithelial_basal,NMPR
BD_immune10_247581,not.defined,Tumor_epithelial_basal,NMPR
BD_immune10_790176,not.defined,Tumor_epithelial_basal,NMPR
BD_immune10_29359,not.defined,Tumor_epithelial_basal,NMPR
BD_immune10_566527,not.defined,Tumor_epithelial_basal,NMPR
BD_immune10_227501,not.defined,Tumor_epithelial_basal,NMPR
BD_immune10_43670,not.defined,Tumor_epithelial_basal,NMPR
BD_immune10_218518,not.defined,Tumor_epithelial_basal,NMPR
BD_immune10_740162,not.defined,Tumor_epithelial_basal,NMPR
BD_immune10_823046,not.defined,Tumor_epithelial_basal,NMPR
BD_immune10_33275,not.defined,Tumor_epithelial_basal,NMPR
BD_immune10_238138,not.defined,Tumor_epithelial_basal,NMPR
BD_immune10_236699,not.defined,Tumor_epithelial_basal,NMPR
BD_immune10_502547,not.defined,Tumor_epithelial_basal,NMPR
BD_immune10_19967,not.defined,Tumor_epithelial_basal,NMPR
BD_immune10_727825,not.defined,Tumor_epithelial_basal,NMPR
BD_immune10_618700,not.defined,Tumor_epithelial_basal,NMPR
BD_immune10_407672,not.defined,Tumor_epithelial_basal,NMPR
BD_immune10_346037,not.defined,Tumor_epithelial_basal,NMPR
BD_immune10_605036,not.defined,Tumor_epithelial_basal,NMPR
BD_immune10_112371,not.defined,Tumor_epithelial_basal,NMPR
BD_immune10_542949,not.defined,Tumor_epithelial_basal,NMPR
BD_immune10_777740,not.defined,Tumor_epithelial_basal,NMPR
BD_immune10_338408,not.defined,Tumor_epithelial_basal,NMPR
BD_immune10_612205,not.defined,Tumor_epithelial_basal,NMPR
BD_immune10_218438,not.defined,Tumor_epithelial_basal,NMPR
BD_immune10_633453,not.defined,Tumor_epithelial_basal,NMPR
BD_immune10_291686,not.defined,Tumor_epithelial_basal,NMPR
BD_immune10_866768,not.defined,Tumor_epithelial_basal,NMPR
BD_immune10_36458,not.defined,Tumor_epithelial_basal,NMPR
BD_immune10_253550,not.defined,Tumor_epithelial_basal,NMPR
BD_immune10_798032,not.defined,Tumor_epithelial_basal,NMPR
BD_immune10_231048,not.defined,Tumor_epithelial_basal,NMPR
BD_immune10_581662,not.defined,Tumor_epithelial_basal,NMPR
BD_immune10_423481,not.defined,Tumor_epithelial_basal,NMPR
BD_immune10_617027,not.defined,Tumor_epithelial_basal,NMPR
BD_immune10_509062,not.defined,Tumor_epithelial_basal,NMPR
BD_immune10_597600,not.defined,Tumor_epithelial_basal,NMPR
BD_immune10_414288,not.defined,Tumor_epithelial_basal,NMPR
BD_immune10_36173,not.defined,Tumor_epithelial_basal,NMPR
BD_immune10_89052,not.defined,Tumor_epithelial_basal,NMPR
BD_immune10_270938,not.defined,Tumor_epithelial_basal,NMPR
BD_immune10_858432,not.defined,Tumor_epithelial_basal,NMPR
BD_immune10_192136,not.defined,Tumor_epithelial_basal,NMPR
BD_immune10_149584,not.defined,Tumor_epithelial_basal,NMPR
BD_immune10_568107,not.defined,Tumor_epithelial_basal,NMPR
BD_immune10_433624,not.defined,Tumor_epithelial_basal,NMPR
BD_immune10_247523,not.defined,Tumor_epithelial_basal,NMPR
BD_immune10_508722,not.defined,Tumor_epithelial_basal,NMPR
BD_immune10_369481,not.defined,Tumor_epithelial_basal,NMPR
BD_immune10_77965,not.defined,Tumor_epithelial_basal,NMPR
BD_immune10_507962,not.defined,Tumor_epithelial_basal,NMPR
BD_immune11_766428,not.defined,Ciliated_epithelial,MPR
BD_immune11_663724,not.defined,Ciliated_epithelial,MPR
BD_immune12_416906,not.defined,Ciliated_epithelial,NMPR
BD_immune12_700276,not.defined,Ciliated_epithelial,NMPR
BD_immune14_6093,not.defined,Ciliated_epithelial,MPR
BD_immune14_690113,not.defined,Ciliated_epithelial,MPR
BD_immune15_522628,not.defined,Ciliated_epithelial,NMPR
BD_immune15_703490,not.defined,Ciliated_epithelial,NMPR
BD_immune15_381817,not.defined,Ciliated_epithelial,NMPR
