tam_state,signature,p_value,median_MPR,median_nonMPR,p_adj
Classical-Mono,HALLMARK_COMPLEMENT,0.000387729,0.127078421,0.142881386,0.009452311
Classical-Mono,HALLMARK_GLYCOLYSIS,0.000567139,0.066534477,0.081813148,0.009452311
Classical-Mono,HALLMARK_MTORC1_SIGNALING,0.000283172,0.116791711,0.139771347,0.009452311
Classical-Mono,HALLMARK_ADIPOGENESIS,0.001100462,0.071514827,0.08696856,0.013755778
Classical-Mono,HALLMARK_FATTY_ACID_METABOLISM,0.001912197,0.066592704,0.079226427,0.019121968
Classical-Mono,HALLMARK_COAGULATION,0.00509151,0.064864064,0.075456286,0.036367928
Classical-Mono,HALLMARK_OXIDATIVE_PHOSPHORYLATION,0.004426517,0.144368524,0.169347981,0.036367928
Classical-Mono,HALLMARK_G2M_CHECKPOINT,0.017597219,0.064005002,0.053762951,0.104135146
Classical-Mono,HALLMARK_XENOBIOTIC_METABOLISM,0.018744326,0.045517149,0.053027867,0.104135146
Classical-Mono,HALLMARK_PROTEIN_SECRETION,0.02655958,0.083484039,0.096274328,0.132797898
Classical-Mono,HALLMARK_HEDGEHOG_SIGNALING,0.029702558,0.037527656,0.027632467,0.135011629
Classical-Mono,HALLMARK_APOPTOSIS,0.077501495,0.128085346,0.142363619,0.195397526
Classical-Mono,HALLMARK_INTERFERON_ALPHA_RESPONSE,0.052741556,0.133530377,0.164507947,0.195397526
Classical-Mono,HALLMARK_INTERFERON_GAMMA_RESPONSE,0.070562043,0.162654519,0.183090389,0.195397526
Classical-Mono,HALLMARK_MITOTIC_SPINDLE,0.076199726,0.053538227,0.045335607,0.195397526
Classical-Mono,HALLMARK_PEROXISOME,0.078159011,0.061503587,0.065916036,0.195397526
Classical-Mono,HALLMARK_PI3K_AKT_MTOR_SIGNALING,0.073650352,0.11974364,0.125053477,0.195397526
Classical-Mono,HALLMARK_REACTIVE_OXYGEN_SPECIES_PATHWAY,0.063581559,0.133825666,0.150238672,0.195397526
Classical-Mono,HALLMARK_TNFA_SIGNALING_VIA_NFKB,0.047709524,0.216091461,0.186945338,0.195397526
Classical-Mono,HALLMARK_UV_RESPONSE_UP,0.075555942,0.104217627,0.116754441,0.195397526
Classical-Mono,HALLMARK_HYPOXIA,0.109263234,0.119203287,0.131749732,0.260150556
Classical-Mono,HALLMARK_EPITHELIAL_MESENCHYMAL_TRANSITION,0.118170301,0.075975348,0.080101822,0.268568865
Classical-Mono,HALLMARK_ESTROGEN_RESPONSE_EARLY,0.14293046,0.039964273,0.034445338,0.310718391
Classical-Mono,HALLMARK_DNA_REPAIR,0.151642343,0.058543349,0.063229203,0.315921547
Classical-Mono,HALLMARK_ANDROGEN_RESPONSE,0.17394755,0.076970119,0.08254754,0.333267875
Classical-Mono,HALLMARK_ANGIOGENESIS,0.175186041,0.074174073,0.086900476,0.333267875
Classical-Mono,HALLMARK_IL6_JAK_STAT3_SIGNALING,0.18663001,0.112299877,0.117502289,0.333267875
Classical-Mono,HALLMARK_UV_RESPONSE_DN,0.186629627,0.038133635,0.035190455,0.333267875
Classical-Mono,HALLMARK_MYOGENESIS,0.224260233,0.043297606,0.039759736,0.386655575
Classical-Mono,HALLMARK_MYC_TARGETS_V2,0.278107003,0.043340876,0.047790454,0.463511672
Classical-Mono,HALLMARK_KRAS_SIGNALING_DN,0.316025475,0.011965881,0.010093783,0.509718509
Classical-Mono,HALLMARK_E2F_TARGETS,0.376879422,0.037319578,0.040842265,0.578395675
Classical-Mono,HALLMARK_ESTROGEN_RESPONSE_LATE,0.391803215,0.054999107,0.057702751,0.578395675
Classical-Mono,HALLMARK_IL2_STAT5_SIGNALING,0.404876972,0.090522254,0.095772613,0.578395675
Classical-Mono,HALLMARK_UNFOLDED_PROTEIN_RESPONSE,0.400490347,0.113049571,0.119760332,0.578395675
Classical-Mono,HALLMARK_KRAS_SIGNALING_UP,0.423837325,0.074291711,0.08075652,0.588662951
Classical-Mono,HALLMARK_CHOLESTEROL_HOMEOSTASIS,0.439834913,0.094077154,0.103141603,0.594371504
Classical-Mono,HALLMARK_INFLAMMATORY_RESPONSE,0.483742219,0.105331368,0.108936227,0.63650292
Classical-Mono,HALLMARK_MYC_TARGETS_V1,0.583593919,0.195914612,0.194790104,0.746322476
Classical-Mono,HALLMARK_TGF_BETA_SIGNALING,0.597057981,0.119144187,0.125881909,0.746322476
Classical-Mono,HALLMARK_P53_PATHWAY,0.621642737,0.118022508,0.119690068,0.758100898
Classical-Mono,HALLMARK_WNT_BETA_CATENIN_SIGNALING,0.652054504,0.026824967,0.02123291,0.776255362
Classical-Mono,HALLMARK_HEME_METABOLISM,0.674925603,0.045936942,0.045271526,0.783223403
Classical-Mono,HALLMARK_PANCREAS_BETA_CELLS,0.689236594,0.044077391,0.048834066,0.783223403
Classical-Mono,HALLMARK_APICAL_JUNCTION,0.726959466,0.074592712,0.076137013,0.804540198
Classical-Mono,HALLMARK_NOTCH_SIGNALING,0.740176983,0.041903648,0.046627486,0.804540198
Classical-Mono,HALLMARK_ALLOGRAFT_REJECTION,0.831619617,0.162809039,0.163195784,0.848591445
Classical-Mono,HALLMARK_BILE_ACID_METABOLISM,0.816435639,0.020734883,0.020948278,0.848591445
Classical-Mono,HALLMARK_SPERMATOGENESIS,0.80580988,0.009056228,0.009265725,0.848591445
Classical-Mono,HALLMARK_APICAL_SURFACE,0.896015748,0.04548531,0.042416551,0.896015748
IFN-stimulated,HALLMARK_PROTEIN_SECRETION,2.19E-06,0.079154825,0.099738776,0.00010973
IFN-stimulated,HALLMARK_INTERFERON_ALPHA_RESPONSE,1.16E-05,0.169696335,0.231937448,0.000290985
IFN-stimulated,HALLMARK_COAGULATION,5.74E-05,0.072971597,0.087750558,0.000956887
IFN-stimulated,HALLMARK_INTERFERON_GAMMA_RESPONSE,0.0002232,0.206735441,0.246025366,0.002790002
IFN-stimulated,HALLMARK_COMPLEMENT,0.000408712,0.141100393,0.160038407,0.004087119
IFN-stimulated,HALLMARK_APOPTOSIS,0.002020446,0.147870077,0.16263312,0.014431756
IFN-stimulated,HALLMARK_UNFOLDED_PROTEIN_RESPONSE,0.002007326,0.108218498,0.126886587,0.014431756
IFN-stimulated,HALLMARK_UV_RESPONSE_UP,0.002981811,0.12433111,0.14002357,0.016565615
IFN-stimulated,HALLMARK_WNT_BETA_CATENIN_SIGNALING,0.002969663,0.029288855,0.019119281,0.016565615
IFN-stimulated,HALLMARK_EPITHELIAL_MESENCHYMAL_TRANSITION,0.004213983,0.077121293,0.08685334,0.021069916
IFN-stimulated,HALLMARK_MYC_TARGETS_V2,0.005333237,0.039117002,0.055235728,0.024241988
IFN-stimulated,HALLMARK_KRAS_SIGNALING_DN,0.006445022,0.014193462,0.017242765,0.026854259
IFN-stimulated,HALLMARK_PANCREAS_BETA_CELLS,0.007013886,0.033951504,0.041665259,0.026976486
IFN-stimulated,HALLMARK_FATTY_ACID_METABOLISM,0.00840908,0.071871422,0.080688962,0.028758026
IFN-stimulated,HALLMARK_MTORC1_SIGNALING,0.008627408,0.126288853,0.145128617,0.028758026
IFN-stimulated,HALLMARK_APICAL_SURFACE,0.011244491,0.043920166,0.05383018,0.033072032
IFN-stimulated,HALLMARK_PEROXISOME,0.011044161,0.057494686,0.064893052,0.033072032
IFN-stimulated,HALLMARK_XENOBIOTIC_METABOLISM,0.016461086,0.050705609,0.058626295,0.045725238
IFN-stimulated,HALLMARK_MITOTIC_SPINDLE,0.037518193,0.049798098,0.045512383,0.098732087
IFN-stimulated,HALLMARK_ADIPOGENESIS,0.064354958,0.072245445,0.082458914,0.160887396
IFN-stimulated,HALLMARK_INFLAMMATORY_RESPONSE,0.089464021,0.133059128,0.147789389,0.211765366
IFN-stimulated,HALLMARK_OXIDATIVE_PHOSPHORYLATION,0.093176761,0.137098071,0.149475706,0.211765366
IFN-stimulated,HALLMARK_PI3K_AKT_MTOR_SIGNALING,0.102592562,0.115026163,0.125410537,0.223027309
IFN-stimulated,HALLMARK_ESTROGEN_RESPONSE_LATE,0.115409559,0.059124687,0.064703466,0.24043658
IFN-stimulated,HALLMARK_E2F_TARGETS,0.146531091,0.036081636,0.038159164,0.275616355
IFN-stimulated,HALLMARK_IL2_STAT5_SIGNALING,0.142667651,0.106574838,0.112969311,0.275616355
IFN-stimulated,HALLMARK_TNFA_SIGNALING_VIA_NFKB,0.148832832,0.261218292,0.26320293,0.275616355
IFN-stimulated,HALLMARK_P53_PATHWAY,0.172931561,0.124575741,0.130733298,0.308806359
IFN-stimulated,HALLMARK_HEDGEHOG_SIGNALING,0.200784133,0.041104174,0.034171448,0.34617954
IFN-stimulated,HALLMARK_IL6_JAK_STAT3_SIGNALING,0.219151985,0.141943366,0.145296514,0.365253308
IFN-stimulated,HALLMARK_ALLOGRAFT_REJECTION,0.299672383,0.175279564,0.174903537,0.483342553
IFN-stimulated,HALLMARK_BILE_ACID_METABOLISM,0.343578205,0.019791615,0.023737877,0.536840945
IFN-stimulated,HALLMARK_UV_RESPONSE_DN,0.397029595,0.044141613,0.041371133,0.601559992
IFN-stimulated,HALLMARK_ANDROGEN_RESPONSE,0.440159677,0.083249629,0.087689359,0.644001659
IFN-stimulated,HALLMARK_SPERMATOGENESIS,0.450801161,0.009308401,0.008708359,0.644001659
IFN-stimulated,HALLMARK_DNA_REPAIR,0.489805916,0.055363285,0.058972739,0.661899886
IFN-stimulated,HALLMARK_MYOGENESIS,0.485254111,0.045518935,0.043269918,0.661899886
IFN-stimulated,HALLMARK_CHOLESTEROL_HOMEOSTASIS,0.540395339,0.126294756,0.122055902,0.711046499
IFN-stimulated,HALLMARK_GLYCOLYSIS,0.596152663,0.075351911,0.075014291,0.736455122
IFN-stimulated,HALLMARK_KRAS_SIGNALING_UP,0.6038932,0.091278135,0.090308146,0.736455122
IFN-stimulated,HALLMARK_NOTCH_SIGNALING,0.588095271,0.039781345,0.042135364,0.736455122
IFN-stimulated,HALLMARK_TGF_BETA_SIGNALING,0.622925706,0.121986418,0.125183928,0.741578222
IFN-stimulated,HALLMARK_ESTROGEN_RESPONSE_EARLY,0.67089429,0.03942926,0.039365845,0.780109639
IFN-stimulated,HALLMARK_HEME_METABOLISM,0.707246592,0.048111826,0.048191318,0.803491601
IFN-stimulated,HALLMARK_REACTIVE_OXYGEN_SPECIES_PATHWAY,0.723142441,0.153517814,0.157499135,0.803491601
IFN-stimulated,HALLMARK_APICAL_JUNCTION,0.879596355,0.069614148,0.072056985,0.956082995
IFN-stimulated,HALLMARK_HYPOXIA,0.941358412,0.142566988,0.14192926,0.980581679
IFN-stimulated,HALLMARK_MYC_TARGETS_V1,0.931735317,0.174710611,0.181182565,0.980581679
IFN-stimulated,HALLMARK_ANGIOGENESIS,0.982624711,0.094681629,0.086337983,0.982624711
IFN-stimulated,HALLMARK_G2M_CHECKPOINT,0.977220368,0.057006074,0.057908181,0.982624711
LAMs,HALLMARK_COMPLEMENT,4.66E-90,0.106463023,0.140875313,2.33E-88
LAMs,HALLMARK_INTERFERON_ALPHA_RESPONSE,4.81E-80,0.085611061,0.12407014,1.20E-78
LAMs,HALLMARK_INTERFERON_GAMMA_RESPONSE,9.59E-80,0.108271704,0.141752412,1.60E-78
LAMs,HALLMARK_APOPTOSIS,4.48E-43,0.110003327,0.130609869,5.60E-42
LAMs,HALLMARK_ALLOGRAFT_REJECTION,6.56E-40,0.12371472,0.143377992,6.56E-39
LAMs,HALLMARK_UV_RESPONSE_UP,1.63E-39,0.090146989,0.111050219,1.36E-38
LAMs,HALLMARK_INFLAMMATORY_RESPONSE,4.21E-39,0.074160414,0.092790282,3.01E-38
LAMs,HALLMARK_MTORC1_SIGNALING,1.32E-35,0.108859414,0.125032154,8.26E-35
LAMs,HALLMARK_IL6_JAK_STAT3_SIGNALING,1.91E-31,0.080349248,0.101885184,1.06E-30
LAMs,HALLMARK_FATTY_ACID_METABOLISM,4.05E-29,0.066728599,0.079449204,2.02E-28
LAMs,HALLMARK_COAGULATION,1.39E-27,0.076853132,0.090725347,6.34E-27
LAMs,HALLMARK_XENOBIOTIC_METABOLISM,1.12E-26,0.047931404,0.057524116,4.68E-26
LAMs,HALLMARK_P53_PATHWAY,1.29E-24,0.102304394,0.113445874,4.94E-24
LAMs,HALLMARK_CHOLESTEROL_HOMEOSTASIS,8.54E-24,0.098780319,0.116987757,3.05E-23
LAMs,HALLMARK_PROTEIN_SECRETION,2.76E-20,0.085837926,0.100298542,9.21E-20
LAMs,HALLMARK_PEROXISOME,2.90E-19,0.058145676,0.067659758,9.07E-19
LAMs,HALLMARK_KRAS_SIGNALING_UP,9.50E-19,0.065862808,0.07511254,2.80E-18
LAMs,HALLMARK_ADIPOGENESIS,1.07E-16,0.079778492,0.08969632,2.99E-16
LAMs,HALLMARK_IL2_STAT5_SIGNALING,2.71E-16,0.079666188,0.089328787,7.13E-16
LAMs,HALLMARK_PI3K_AKT_MTOR_SIGNALING,4.28E-15,0.099402705,0.110902689,1.07E-14
LAMs,HALLMARK_UNFOLDED_PROTEIN_RESPONSE,1.70E-14,0.099257017,0.109785415,4.04E-14
LAMs,HALLMARK_APICAL_SURFACE,2.90E-14,0.032564221,0.041278265,6.60E-14
LAMs,HALLMARK_REACTIVE_OXYGEN_SPECIES_PATHWAY,5.70E-14,0.132677274,0.150439294,1.24E-13
LAMs,HALLMARK_OXIDATIVE_PHOSPHORYLATION,1.75E-13,0.132841193,0.158092176,3.64E-13
LAMs,HALLMARK_ESTROGEN_RESPONSE_LATE,2.59E-13,0.046890854,0.053858521,5.18E-13
LAMs,HALLMARK_TNFA_SIGNALING_VIA_NFKB,1.44E-12,0.144615934,0.170496606,2.77E-12
LAMs,HALLMARK_EPITHELIAL_MESENCHYMAL_TRANSITION,8.44E-11,0.072039121,0.079165773,1.56E-10
LAMs,HALLMARK_BILE_ACID_METABOLISM,1.27E-08,0.022321429,0.026581597,2.27E-08
LAMs,HALLMARK_GLYCOLYSIS,1.70E-06,0.065314398,0.070257235,2.93E-06
LAMs,HALLMARK_MITOTIC_SPINDLE,7.31E-06,0.048478105,0.044117014,1.22E-05
LAMs,HALLMARK_NOTCH_SIGNALING,9.51E-06,0.036927031,0.042066903,1.53E-05
LAMs,HALLMARK_G2M_CHECKPOINT,2.33E-05,0.05024473,0.046239728,3.65E-05
LAMs,HALLMARK_PANCREAS_BETA_CELLS,4.79E-05,0.0366171,0.040680973,7.25E-05
LAMs,HALLMARK_HYPOXIA,7.23E-05,0.110500179,0.116330832,0.000106259
LAMs,HALLMARK_APICAL_JUNCTION,0.000178595,0.062032869,0.064608789,0.000255135
LAMs,HALLMARK_ANDROGEN_RESPONSE,0.001537375,0.078825274,0.08290798,0.002135243
LAMs,HALLMARK_HEME_METABOLISM,0.004164489,0.048691497,0.050657378,0.005627688
LAMs,HALLMARK_MYC_TARGETS_V2,0.013327346,0.044012123,0.046700043,0.017535981
LAMs,HALLMARK_DNA_REPAIR,0.017321368,0.05950743,0.062021762,0.022206882
LAMs,HALLMARK_KRAS_SIGNALING_DN,0.019680251,0.011910504,0.010912826,0.024600314
LAMs,HALLMARK_TGF_BETA_SIGNALING,0.053112509,0.09471169,0.097761429,0.064771352
LAMs,HALLMARK_MYOGENESIS,0.115524881,0.039236334,0.039994641,0.13752962
LAMs,HALLMARK_SPERMATOGENESIS,0.121258959,0.010764535,0.010526588,0.14099879
LAMs,HALLMARK_ANGIOGENESIS,0.351916195,0.073414707,0.071933476,0.391017995
LAMs,HALLMARK_ESTROGEN_RESPONSE_EARLY,0.34958316,0.031421043,0.031705966,0.391017995
LAMs,HALLMARK_UV_RESPONSE_DN,0.405335856,0.0426457,0.041039113,0.440582452
LAMs,HALLMARK_HEDGEHOG_SIGNALING,0.425126555,0.019560693,0.020802865,0.452262292
LAMs,HALLMARK_WNT_BETA_CATENIN_SIGNALING,0.584212173,0.016357473,0.017963831,0.608554347
LAMs,HALLMARK_MYC_TARGETS_V1,0.767722135,0.170564487,0.169078242,0.783389934
LAMs,HALLMARK_E2F_TARGETS,0.833176695,0.034248839,0.035176849,0.833176695
Monocyte FCN1+,HALLMARK_INTERFERON_ALPHA_RESPONSE,1.24E-11,0.098288063,0.120331162,6.18E-10
Monocyte FCN1+,HALLMARK_UV_RESPONSE_UP,1.16E-10,0.125822607,0.137217685,2.91E-09
Monocyte FCN1+,HALLMARK_FATTY_ACID_METABOLISM,5.74E-09,0.073454257,0.079940429,9.57E-08
Monocyte FCN1+,HALLMARK_MYC_TARGETS_V2,8.11E-08,0.045468935,0.055238659,1.01E-06
Monocyte FCN1+,HALLMARK_COMPLEMENT,2.53E-06,0.138059128,0.147264202,2.53E-05
Monocyte FCN1+,HALLMARK_APICAL_SURFACE,7.97E-06,0.04613521,0.053576373,6.64E-05
Monocyte FCN1+,HALLMARK_GLYCOLYSIS,1.20E-05,0.077843873,0.084928546,8.60E-05
Monocyte FCN1+,HALLMARK_ADIPOGENESIS,2.54E-05,0.084707038,0.089677563,0.00015874
Monocyte FCN1+,HALLMARK_EPITHELIAL_MESENCHYMAL_TRANSITION,3.40E-05,0.094308682,0.100101822,0.0001891
Monocyte FCN1+,HALLMARK_P53_PATHWAY,4.32E-05,0.125913719,0.130831547,0.000216245
Monocyte FCN1+,HALLMARK_ANGIOGENESIS,6.65E-05,0.115882926,0.125740616,0.000302355
Monocyte FCN1+,HALLMARK_MTORC1_SIGNALING,8.62E-05,0.141495177,0.1492408,0.000358989
Monocyte FCN1+,HALLMARK_APOPTOSIS,0.000113048,0.153951037,0.160030903,0.000434801
Monocyte FCN1+,HALLMARK_PROTEIN_SECRETION,0.000139383,0.089539198,0.096706711,0.000497796
Monocyte FCN1+,HALLMARK_PEROXISOME,0.000231426,0.060513817,0.064629002,0.00077142
Monocyte FCN1+,HALLMARK_CHOLESTEROL_HOMEOSTASIS,0.000648581,0.125666436,0.133268653,0.002026817
Monocyte FCN1+,HALLMARK_REACTIVE_OXYGEN_SPECIES_PATHWAY,0.000842377,0.152044275,0.160591491,0.002477578
Monocyte FCN1+,HALLMARK_MITOTIC_SPINDLE,0.001183461,0.054950646,0.05110822,0.003114372
Monocyte FCN1+,HALLMARK_UNFOLDED_PROTEIN_RESPONSE,0.001133607,0.124573007,0.131300634,0.003114372
Monocyte FCN1+,HALLMARK_OXIDATIVE_PHOSPHORYLATION,0.001311035,0.148463737,0.155652912,0.003277588
Monocyte FCN1+,HALLMARK_XENOBIOTIC_METABOLISM,0.001486152,0.056505002,0.059588246,0.003538458
Monocyte FCN1+,HALLMARK_G2M_CHECKPOINT,0.001747758,0.058240443,0.054498928,0.003972178
Monocyte FCN1+,HALLMARK_DNA_REPAIR,0.002578551,0.063920674,0.066777817,0.005605545
Monocyte FCN1+,HALLMARK_COAGULATION,0.003703957,0.081928889,0.086818483,0.007716577
Monocyte FCN1+,HALLMARK_SPERMATOGENESIS,0.004161771,0.010974033,0.009949824,0.008323543
Monocyte FCN1+,HALLMARK_MYC_TARGETS_V1,0.005056865,0.184261343,0.189305109,0.009724741
Monocyte FCN1+,HALLMARK_INTERFERON_GAMMA_RESPONSE,0.010528217,0.148260986,0.154185423,0.019496697
Monocyte FCN1+,HALLMARK_MYOGENESIS,0.028488634,0.046206681,0.044362272,0.050872561
Monocyte FCN1+,HALLMARK_UV_RESPONSE_DN,0.035681114,0.050243238,0.048118554,0.061519162
Monocyte FCN1+,HALLMARK_HEDGEHOG_SIGNALING,0.038857027,0.047840027,0.045861927,0.064761712
Monocyte FCN1+,HALLMARK_APICAL_JUNCTION,0.044574726,0.06992408,0.072288317,0.071894719
Monocyte FCN1+,HALLMARK_TNFA_SIGNALING_VIA_NFKB,0.04741653,0.257166845,0.267550018,0.074088328
Monocyte FCN1+,HALLMARK_E2F_TARGETS,0.053508976,0.03660861,0.038263666,0.081074206
Monocyte FCN1+,HALLMARK_INFLAMMATORY_RESPONSE,0.074622864,0.128645052,0.132182029,0.109739507
Monocyte FCN1+,HALLMARK_PI3K_AKT_MTOR_SIGNALING,0.115500054,0.122554053,0.126945733,0.165000076
Monocyte FCN1+,HALLMARK_IL2_STAT5_SIGNALING,0.132353604,0.108980617,0.112474874,0.18382445
Monocyte FCN1+,HALLMARK_HYPOXIA,0.191620727,0.153398535,0.156814934,0.258946929
Monocyte FCN1+,HALLMARK_ANDROGEN_RESPONSE,0.234020415,0.09293538,0.094442053,0.307921599
Monocyte FCN1+,HALLMARK_NOTCH_SIGNALING,0.254137567,0.042467139,0.043820568,0.325817394
Monocyte FCN1+,HALLMARK_KRAS_SIGNALING_UP,0.278397132,0.088678992,0.090674348,0.347996414
Monocyte FCN1+,HALLMARK_BILE_ACID_METABOLISM,0.380678813,0.024566715,0.025118759,0.43258956
Monocyte FCN1+,HALLMARK_ESTROGEN_RESPONSE_LATE,0.373874664,0.064744552,0.067422294,0.43258956
Monocyte FCN1+,HALLMARK_HEME_METABOLISM,0.364285905,0.054908896,0.053777242,0.43258956
Monocyte FCN1+,HALLMARK_TGF_BETA_SIGNALING,0.360887677,0.137338867,0.1355216,0.43258956
Monocyte FCN1+,HALLMARK_ESTROGEN_RESPONSE_EARLY,0.444950065,0.045919971,0.045053591,0.494388962
Monocyte FCN1+,HALLMARK_ALLOGRAFT_REJECTION,0.53664462,0.156197749,0.153297606,0.570898532
Monocyte FCN1+,HALLMARK_IL6_JAK_STAT3_SIGNALING,0.530731516,0.119347606,0.120342301,0.570898532
Monocyte FCN1+,HALLMARK_WNT_BETA_CATENIN_SIGNALING,0.635251841,0.029321062,0.030850927,0.661720668
Monocyte FCN1+,HALLMARK_KRAS_SIGNALING_DN,0.721207811,0.012579493,0.013026081,0.735926338
Monocyte FCN1+,HALLMARK_PANCREAS_BETA_CELLS,0.822973727,0.04102315,0.040803481,0.822973727
Proliferating,HALLMARK_INTERFERON_ALPHA_RESPONSE,1.35E-29,0.089664433,0.146095476,6.76E-28
Proliferating,HALLMARK_INTERFERON_GAMMA_RESPONSE,1.88E-23,0.110091104,0.156005716,4.70E-22
Proliferating,HALLMARK_COMPLEMENT,1.37E-16,0.102750982,0.12593069,2.29E-15
Proliferating,HALLMARK_UNFOLDED_PROTEIN_RESPONSE,6.39E-15,0.105434229,0.128573093,7.99E-14
Proliferating,HALLMARK_INFLAMMATORY_RESPONSE,5.95E-12,0.079308682,0.102095391,5.95E-11
Proliferating,HALLMARK_MTORC1_SIGNALING,4.46E-11,0.121448732,0.138099321,3.72E-10
Proliferating,HALLMARK_KRAS_SIGNALING_UP,5.73E-11,0.064228296,0.077718828,4.09E-10
Proliferating,HALLMARK_APOPTOSIS,2.55E-10,0.121645459,0.141870095,1.59E-09
Proliferating,HALLMARK_IL6_JAK_STAT3_SIGNALING,1.72E-09,0.083270178,0.100922066,9.55E-09
Proliferating,HALLMARK_APICAL_SURFACE,4.07E-09,0.029641594,0.044085525,2.03E-08
Proliferating,HALLMARK_UV_RESPONSE_UP,5.14E-09,0.104447088,0.122137864,2.34E-08
Proliferating,HALLMARK_ALLOGRAFT_REJECTION,3.55E-07,0.132868882,0.146927474,1.48E-06
Proliferating,HALLMARK_TNFA_SIGNALING_VIA_NFKB,4.42E-07,0.172506252,0.209989282,1.70E-06
Proliferating,HALLMARK_COAGULATION,9.17E-07,0.067033418,0.079206115,3.28E-06
Proliferating,HALLMARK_GLYCOLYSIS,2.62E-06,0.069287245,0.076807788,8.73E-06
Proliferating,HALLMARK_KRAS_SIGNALING_DN,3.51E-06,0.012625938,0.016764916,1.10E-05
Proliferating,HALLMARK_PROTEIN_SECRETION,6.04E-06,0.083954099,0.096695947,1.78E-05
Proliferating,HALLMARK_ESTROGEN_RESPONSE_LATE,2.49E-05,0.053620936,0.059267596,6.54E-05
Proliferating,HALLMARK_UV_RESPONSE_DN,2.40E-05,0.048134365,0.041518291,6.54E-05
Proliferating,HALLMARK_MYC_TARGETS_V2,6.47E-05,0.067693372,0.075654539,0.000161762
Proliferating,HALLMARK_PI3K_AKT_MTOR_SIGNALING,0.000160236,0.106634416,0.116599204,0.000381515
Proliferating,HALLMARK_APICAL_JUNCTION,0.000320583,0.063860307,0.069710611,0.000728597
Proliferating,HALLMARK_CHOLESTEROL_HOMEOSTASIS,0.000454275,0.09001155,0.101732502,0.000987555
Proliferating,HALLMARK_REACTIVE_OXYGEN_SPECIES_PATHWAY,0.000557927,0.120539606,0.133995157,0.001162347
Proliferating,HALLMARK_EPITHELIAL_MESENCHYMAL_TRANSITION,0.001495147,0.073165416,0.081280815,0.002990294
Proliferating,HALLMARK_OXIDATIVE_PHOSPHORYLATION,0.003645136,0.126827438,0.138185066,0.007009878
Proliferating,HALLMARK_FATTY_ACID_METABOLISM,0.006168657,0.074267396,0.079079394,0.011423439
Proliferating,HALLMARK_PEROXISOME,0.008058627,0.058934502,0.064155706,0.013894185
Proliferating,HALLMARK_TGF_BETA_SIGNALING,0.00792141,0.096013331,0.108583286,0.013894185
Proliferating,HALLMARK_MYC_TARGETS_V1,0.009924516,0.192061451,0.205017864,0.016007284
Proliferating,HALLMARK_PANCREAS_BETA_CELLS,0.009778388,0.034386617,0.040216289,0.016007284
Proliferating,HALLMARK_ESTROGEN_RESPONSE_EARLY,0.013526139,0.033499464,0.036298678,0.021134593
Proliferating,HALLMARK_ANDROGEN_RESPONSE,0.022135755,0.080550602,0.087410915,0.033539023
Proliferating,HALLMARK_IL2_STAT5_SIGNALING,0.025052412,0.085760948,0.089894113,0.036379141
Proliferating,HALLMARK_P53_PATHWAY,0.025465398,0.110928903,0.114428367,0.036379141
Proliferating,HALLMARK_ADIPOGENESIS,0.027379083,0.076339764,0.080555556,0.038026504
Proliferating,HALLMARK_NOTCH_SIGNALING,0.037447843,0.034104314,0.042214358,0.050605193
Proliferating,HALLMARK_E2F_TARGETS,0.039796602,0.078592354,0.085673455,0.05236395
Proliferating,HALLMARK_XENOBIOTIC_METABOLISM,0.051280926,0.048138621,0.046881029,0.065744777
Proliferating,HALLMARK_WNT_BETA_CATENIN_SIGNALING,0.064173112,0.018124869,0.016578901,0.08021639
Proliferating,HALLMARK_BILE_ACID_METABOLISM,0.149801575,0.02381674,0.021104458,0.182684847
Proliferating,HALLMARK_DNA_REPAIR,0.330825528,0.065297765,0.066154206,0.393839914
Proliferating,HALLMARK_G2M_CHECKPOINT,0.40690544,0.094053233,0.093126116,0.462392545
Proliferating,HALLMARK_HEDGEHOG_SIGNALING,0.40235069,0.03121836,0.025921551,0.462392545
Proliferating,HALLMARK_ANGIOGENESIS,0.574928774,0.077961525,0.079311509,0.62492258
Proliferating,HALLMARK_HYPOXIA,0.566870578,0.122390139,0.125305466,0.62492258
Proliferating,HALLMARK_SPERMATOGENESIS,0.711376988,0.01443203,0.014856197,0.75678403
Proliferating,HALLMARK_MITOTIC_SPINDLE,0.735274062,0.063129935,0.062462312,0.765910481
Proliferating,HALLMARK_HEME_METABOLISM,0.770891737,0.046182565,0.045698464,0.786624221
Proliferating,HALLMARK_MYOGENESIS,0.999789728,0.03920686,0.038304752,0.999789728
Resident M2,HALLMARK_MTORC1_SIGNALING,3.83E-44,0.113024294,0.142302608,1.91E-42
Resident M2,HALLMARK_INTERFERON_ALPHA_RESPONSE,2.72E-42,0.098328916,0.141729486,6.81E-41
Resident M2,HALLMARK_FATTY_ACID_METABOLISM,1.31E-40,0.05376071,0.071951622,2.18E-39
Resident M2,HALLMARK_COMPLEMENT,6.26E-39,0.12007324,0.145096463,7.83E-38
Resident M2,HALLMARK_INTERFERON_GAMMA_RESPONSE,3.15E-34,0.143999643,0.173942479,3.15E-33
Resident M2,HALLMARK_COAGULATION,2.42E-32,0.073038717,0.092527443,2.01E-31
Resident M2,HALLMARK_MYC_TARGETS_V2,1.21E-30,0.045597908,0.06490286,8.66E-30
Resident M2,HALLMARK_ANGIOGENESIS,9.05E-30,0.045674429,0.085658304,5.66E-29
Resident M2,HALLMARK_EPITHELIAL_MESENCHYMAL_TRANSITION,1.15E-27,0.072363344,0.086850661,6.39E-27
Resident M2,HALLMARK_CHOLESTEROL_HOMEOSTASIS,1.22E-25,0.09968122,0.121342111,6.08E-25
Resident M2,HALLMARK_IL2_STAT5_SIGNALING,1.03E-24,0.092189519,0.108470926,4.67E-24
Resident M2,HALLMARK_UV_RESPONSE_UP,1.25E-23,0.127070162,0.145321223,5.20E-23
Resident M2,HALLMARK_UNFOLDED_PROTEIN_RESPONSE,9.45E-23,0.115369284,0.134837697,3.64E-22
Resident M2,HALLMARK_GLYCOLYSIS,6.55E-21,0.056727403,0.06810468,2.34E-20
Resident M2,HALLMARK_APOPTOSIS,7.40E-21,0.146339168,0.163470251,2.47E-20
Resident M2,HALLMARK_INFLAMMATORY_RESPONSE,1.22E-20,0.113254734,0.135369775,3.80E-20
Resident M2,HALLMARK_APICAL_JUNCTION,3.13E-18,0.062399071,0.072381208,9.22E-18
Resident M2,HALLMARK_PEROXISOME,2.29E-17,0.054669855,0.063841836,6.35E-17
Resident M2,HALLMARK_HYPOXIA,3.19E-17,0.12494105,0.140269739,8.38E-17
Resident M2,HALLMARK_ADIPOGENESIS,5.24E-17,0.068758485,0.080335834,1.31E-16
Resident M2,HALLMARK_KRAS_SIGNALING_UP,1.77E-16,0.086697035,0.095789568,4.22E-16
Resident M2,HALLMARK_APICAL_SURFACE,1.15E-15,0.041970466,0.052745731,2.61E-15
Resident M2,HALLMARK_PROTEIN_SECRETION,6.35E-15,0.088496814,0.10145575,1.38E-14
Resident M2,HALLMARK_ESTROGEN_RESPONSE_LATE,2.01E-14,0.056922115,0.064686495,4.18E-14
Resident M2,HALLMARK_TNFA_SIGNALING_VIA_NFKB,1.83E-13,0.255030368,0.287789389,3.66E-13
Resident M2,HALLMARK_ALLOGRAFT_REJECTION,4.18E-13,0.147843873,0.16159164,8.03E-13
Resident M2,HALLMARK_OXIDATIVE_PHOSPHORYLATION,2.47E-11,0.102420507,0.127531261,4.58E-11
Resident M2,HALLMARK_P53_PATHWAY,1.21E-10,0.122600929,0.131722937,2.16E-10
Resident M2,HALLMARK_REACTIVE_OXYGEN_SPECIES_PATHWAY,1.97E-10,0.121757177,0.137146316,3.39E-10
Resident M2,HALLMARK_PI3K_AKT_MTOR_SIGNALING,8.82E-10,0.109691644,0.120373844,1.47E-09
Resident M2,HALLMARK_MYC_TARGETS_V1,6.05E-09,0.160130404,0.173228832,9.76E-09
Resident M2,HALLMARK_MYOGENESIS,1.86E-08,0.043813862,0.048156484,2.90E-08
Resident M2,HALLMARK_XENOBIOTIC_METABOLISM,9.27E-05,0.048076099,0.052054305,0.000140485
Resident M2,HALLMARK_TGF_BETA_SIGNALING,0.000366796,0.12467459,0.136137836,0.000539406
Resident M2,HALLMARK_DNA_REPAIR,0.000540035,0.051669592,0.055555166,0.000771478
Resident M2,HALLMARK_IL6_JAK_STAT3_SIGNALING,0.001474369,0.122675098,0.128033425,0.002047734
Resident M2,HALLMARK_ESTROGEN_RESPONSE_EARLY,0.009115362,0.042843873,0.046978385,0.012038591
Resident M2,HALLMARK_SPERMATOGENESIS,0.00914933,0.01020329,0.009516605,0.012038591
Resident M2,HALLMARK_UV_RESPONSE_DN,0.02649341,0.051731854,0.048867727,0.033965911
Resident M2,HALLMARK_ANDROGEN_RESPONSE,0.052898257,0.096973673,0.093008835,0.066122821
Resident M2,HALLMARK_G2M_CHECKPOINT,0.109150719,0.063422651,0.060979814,0.133110633
Resident M2,HALLMARK_E2F_TARGETS,0.147301656,0.037938549,0.039177385,0.175359114
Resident M2,HALLMARK_NOTCH_SIGNALING,0.521008971,0.042509269,0.045553168,0.605824385
Resident M2,HALLMARK_WNT_BETA_CATENIN_SIGNALING,0.577913944,0.026643799,0.023950432,0.656720391
Resident M2,HALLMARK_HEME_METABOLISM,0.687074205,0.053010004,0.052767953,0.746819788
Resident M2,HALLMARK_KRAS_SIGNALING_DN,0.687004908,0.020217935,0.019909789,0.746819788
Resident M2,HALLMARK_HEDGEHOG_SIGNALING,0.826214774,0.04083699,0.042646342,0.872565761
Resident M2,HALLMARK_MITOTIC_SPINDLE,0.83766313,0.052654343,0.053289663,0.872565761
Resident M2,HALLMARK_BILE_ACID_METABOLISM,0.858740203,0.023640457,0.023651282,0.876265513
Resident M2,HALLMARK_PANCREAS_BETA_CELLS,0.968195343,0.041027374,0.041766644,0.968195343
Stress-response,HALLMARK_UV_RESPONSE_UP,9.38E-14,0.107946925,0.144480237,4.69E-12
Stress-response,HALLMARK_INFLAMMATORY_RESPONSE,5.83E-12,0.083578064,0.10954448,1.46E-10
Stress-response,HALLMARK_P53_PATHWAY,1.94E-11,0.116127188,0.134842801,3.23E-10
Stress-response,HALLMARK_UNFOLDED_PROTEIN_RESPONSE,3.97E-11,0.104762693,0.132816956,4.97E-10
Stress-response,HALLMARK_MTORC1_SIGNALING,1.16E-10,0.12377099,0.145010718,1.16E-09
Stress-response,HALLMARK_COMPLEMENT,1.52E-10,0.125807431,0.151161129,1.26E-09
Stress-response,HALLMARK_APOPTOSIS,7.32E-10,0.13378987,0.158993517,5.23E-09
Stress-response,HALLMARK_INTERFERON_GAMMA_RESPONSE,3.78E-09,0.118987138,0.149496249,2.10E-08
Stress-response,HALLMARK_XENOBIOTIC_METABOLISM,3.64E-09,0.051068239,0.065071454,2.10E-08
Stress-response,HALLMARK_TNFA_SIGNALING_VIA_NFKB,1.05E-07,0.182132905,0.232454448,5.24E-07
Stress-response,HALLMARK_KRAS_SIGNALING_UP,1.16E-07,0.069916041,0.082445516,5.26E-07
Stress-response,HALLMARK_ADIPOGENESIS,1.63E-07,0.079083601,0.097393712,6.81E-07
Stress-response,HALLMARK_INTERFERON_ALPHA_RESPONSE,2.05E-07,0.101735739,0.130610244,7.33E-07
Stress-response,HALLMARK_OXIDATIVE_PHOSPHORYLATION,2.02E-07,0.127052519,0.172752769,7.33E-07
Stress-response,HALLMARK_IL2_STAT5_SIGNALING,2.32E-07,0.089100861,0.101907753,7.75E-07
Stress-response,HALLMARK_IL6_JAK_STAT3_SIGNALING,1.07E-06,0.080479506,0.106459991,3.14E-06
Stress-response,HALLMARK_REACTIVE_OXYGEN_SPECIES_PATHWAY,1.03E-06,0.141508129,0.167478381,3.14E-06
Stress-response,HALLMARK_ESTROGEN_RESPONSE_LATE,2.37E-06,0.057851018,0.066418364,6.57E-06
Stress-response,HALLMARK_PROTEIN_SECRETION,5.42E-06,0.085120278,0.099824894,1.43E-05
Stress-response,HALLMARK_MYC_TARGETS_V1,1.95E-05,0.166877456,0.186622008,4.88E-05
Stress-response,HALLMARK_CHOLESTEROL_HOMEOSTASIS,2.29E-05,0.11033033,0.132543313,5.46E-05
Stress-response,HALLMARK_FATTY_ACID_METABOLISM,2.64E-05,0.072222296,0.082868842,6.00E-05
Stress-response,HALLMARK_ALLOGRAFT_REJECTION,5.48E-05,0.129851733,0.142236513,0.000119134
Stress-response,HALLMARK_PI3K_AKT_MTOR_SIGNALING,6.72E-05,0.109629118,0.119268108,0.000139921
Stress-response,HALLMARK_HYPOXIA,0.000183128,0.132593783,0.142670597,0.000366255
Stress-response,HALLMARK_APICAL_SURFACE,0.000227016,0.043285648,0.054837717,0.000420399
Stress-response,HALLMARK_TGF_BETA_SIGNALING,0.000226845,0.106105766,0.118933535,0.000420399
Stress-response,HALLMARK_DNA_REPAIR,0.000330343,0.057676378,0.065672166,0.000589898
Stress-response,HALLMARK_GLYCOLYSIS,0.000496668,0.06810468,0.076909611,0.000856325
Stress-response,HALLMARK_ANGIOGENESIS,0.001852575,0.085255184,0.098426895,0.003087626
Stress-response,HALLMARK_APICAL_JUNCTION,0.002790888,0.061920329,0.067801,0.004501433
Stress-response,HALLMARK_ANDROGEN_RESPONSE,0.005139341,0.07630732,0.084305325,0.007679617
Stress-response,HALLMARK_EPITHELIAL_MESENCHYMAL_TRANSITION,0.00522214,0.085423365,0.091964987,0.007679617
Stress-response,HALLMARK_MITOTIC_SPINDLE,0.005051736,0.048670136,0.041934673,0.007679617
Stress-response,HALLMARK_PANCREAS_BETA_CELLS,0.006830558,0.035890504,0.04408584,0.009757941
Stress-response,HALLMARK_MYC_TARGETS_V2,0.011058904,0.056197165,0.062376156,0.015359589
Stress-response,HALLMARK_ESTROGEN_RESPONSE_EARLY,0.011546244,0.034992855,0.040853876,0.015603032
Stress-response,HALLMARK_PEROXISOME,0.013131566,0.063624286,0.068450246,0.017278376
Stress-response,HALLMARK_HEME_METABOLISM,0.016714174,0.048251161,0.050768131,0.021428428
Stress-response,HALLMARK_COAGULATION,0.076128045,0.084674458,0.092125992,0.095160056
Stress-response,HALLMARK_E2F_TARGETS,0.084974758,0.04111647,0.03742408,0.103627754
Stress-response,HALLMARK_BILE_ACID_METABOLISM,0.098628158,0.024605374,0.025783685,0.117414473
Stress-response,HALLMARK_G2M_CHECKPOINT,0.13056655,0.052445516,0.05026438,0.15182157
Stress-response,HALLMARK_HEDGEHOG_SIGNALING,0.213768615,0.02081224,0.025696554,0.242918881
Stress-response,HALLMARK_WNT_BETA_CATENIN_SIGNALING,0.304665599,0.017182795,0.022247452,0.338517332
Stress-response,HALLMARK_MYOGENESIS,0.32794646,0.040501965,0.043838871,0.356463544
Stress-response,HALLMARK_NOTCH_SIGNALING,0.378052076,0.041519211,0.041403354,0.402183059
Stress-response,HALLMARK_SPERMATOGENESIS,0.403195462,0.010684358,0.011064556,0.419995273
Stress-response,HALLMARK_UV_RESPONSE_DN,0.527666088,0.043413115,0.044767951,0.538434784
Stress-response,HALLMARK_KRAS_SIGNALING_DN,0.999847342,0.011539836,0.011411218,0.999847342
