source,target,ligand.complex,receptor.complex,p_value,median_MPR,median_pCR,p_adj
CD8.TPEX,Classical monocyte-derived TAMs (S100A8+/S100A9+/CCR2+),TNFSF9,HLA-DPA1,0.0184408708107045,1.30105076004847,3.08756924045021,0.348647767790486
CD8.TEX,Classical monocyte-derived TAMs (S100A8+/S100A9+/CCR2+),B2M,CD1C,0.186549028485195,2.41159183624826,0,0.599375110993313
CD8.TPEX,Classical monocyte-derived TAMs (S100A8+/S100A9+/CCR2+),B2M,CD1C,0.186549028485195,2.38400283681291,0,0.599375110993313
CD8.TEX,Classical monocyte-derived TAMs (S100A8+/S100A9+/CCR2+),IFNG,IFNGR1_IFNGR2,0.883333201728361,1.21140120345198,1.13076960058566,0.919387618125437
CD8.TPEX,Classical monocyte-derived TAMs (S100A8+/S100A9+/CCR2+),IFNG,IFNGR1_IFNGR2,0.732045911632896,0.682572943094396,1.03217976745423,0.811616119419081
CD8.TPEX,IFN-stimulated immunomodulatory TAMs (ISG-high/PD-L1+/IDO1+),TNFSF9,HLA-DPA1,0.0737482209984484,1.34079405640288,3.49855976296546,0.599375110993313
CD8.TEX,IFN-stimulated immunomodulatory TAMs (ISG-high/PD-L1+/IDO1+),HLA-A,LILRB2,0.281317453120637,3.63528062330258,2.39480017580119,0.599375110993313
CD8.TEX,IFN-stimulated immunomodulatory TAMs (ISG-high/PD-L1+/IDO1+),B2M,LILRB2,0.281317453120637,4.72804137191656,3.06298668525015,0.599375110993313
CD8.TPEX,IFN-stimulated immunomodulatory TAMs (ISG-high/PD-L1+/IDO1+),HLA-A,LILRB2,0.281317453120637,3.6021437219892,2.45401613092281,0.599375110993313
CD8.TEX,IFN-stimulated immunomodulatory TAMs (ISG-high/PD-L1+/IDO1+),CD99,PILRA,0.174143130217699,1.49380907531404,2.55797602838981,0.599375110993313
CD8.TEX,Inflammatory monocyte-derived TAMs (FCN1+/S100A8+),HMGB1,THBD,0.710300071445582,2.34815706962122,2.17360576692919,0.811616119419081
CD8.TEX,Inflammatory monocyte-derived TAMs (FCN1+/S100A8+),CCL5,CCRL2,0.361211687740638,1.50875150093938,2.22633807746992,0.614059869159085
CD8.TPEX,Inflammatory monocyte-derived TAMs (FCN1+/S100A8+),HMGB1,THBD,0.456096689688021,2.05658615581404,2.13612209748667,0.684145034532032
CD8.TPEX,Inflammatory monocyte-derived TAMs (FCN1+/S100A8+),TNFSF9,HLA-DPA1,0.128068113685618,1.14661497382479,2.74803729108615,0.599375110993313
CD8.TEX,Inflammatory monocyte-derived TAMs (FCN1+/S100A8+),CD99,PILRA,0.130804953560372,1.63681473747308,1.13189345406649,0.599375110993313
CD8.TEX,Proliferating TAMs (cycling/MKI67+),CXCL13,CXCR5,0.515304698967525,0,0,0.710284855333616
CD8.TPEX,Proliferating TAMs (cycling/MKI67+),CXCL13,CXCR5,0.515304698967525,0,0,0.710284855333616
CD8.TEX,Proliferating TAMs (cycling/MKI67+),B2M,CD1C,0.607564832812376,0,0,0.794507858293108
CD8.TPEX,Proliferating TAMs (cycling/MKI67+),B2M,CD1C,0.607564832812376,0,0,0.794507858293108
CD8.TEX,Proliferating TAMs (cycling/MKI67+),CALM1,HMMR,0.731656788769528,2.35839020183718,1.52181596128943,0.811616119419081
CD8.TEX,Stress-response immunosuppressive TAMs (MARCO+/PPARG+/HSP-high),CXCL13,ACKR1,0.282058875761559,0,0,0.599375110993313
CD8.TPEX,Stress-response immunosuppressive TAMs (MARCO+/PPARG+/HSP-high),CXCL13,ACKR1,0.282058875761559,0,0,0.599375110993313
CD8.TEX,Stress-response immunosuppressive TAMs (MARCO+/PPARG+/HSP-high),CCL5,ACKR1,0.282058875761559,0,0,0.599375110993313
CD8.TPEX,Stress-response immunosuppressive TAMs (MARCO+/PPARG+/HSP-high),CCL5,ACKR1,0.282058875761559,0,0,0.599375110993313
CD8.TPEX,Stress-response immunosuppressive TAMs (MARCO+/PPARG+/HSP-high),TNFSF9,HLA-DPA1,0.434685531834538,1.54684222379555,2.65208255066088,0.684145034532032
CD8.TPEX,TREM2+/APOE+ lipid-associated immunosuppressive TAMs (LAMs),TNFSF9,HLA-DPA1,0.0371506149534468,1.12891120728549,2.82581801187762,0.378936272525157
CD8.TPEX,Tissue-resident immunosuppressive TAMs (anti-inflammatory/M2-like),TNFSF9,HLA-DPA1,0.0273449229639597,1.48098412905941,2.93245955219784,0.348647767790486
CD8.TEX,Tissue-resident immunosuppressive TAMs (anti-inflammatory/M2-like),HMGB1,TLR2,0.331162181471779,2.05324779240142,1.05157416138851,0.614059869159085
CD8.TEX,Tissue-resident immunosuppressive TAMs (anti-inflammatory/M2-like),HMGB1,CD163,0.655632293403191,2.40468195044359,2.53470737303051,0.811616119419081
CD8.TEX,Tissue-resident immunosuppressive TAMs (anti-inflammatory/M2-like),CCL5,CCR1,0.502726839723744,1.36480337453423,1.29451411436111,0.710284855333616
CD8.TEX,Tissue-resident immunosuppressive TAMs (anti-inflammatory/M2-like),IFNG,IFNGR1_IFNGR2,0.710300071445582,0.887613488602603,1.25208218546959,0.811616119419081
CD8.TEX,Classical monocyte-derived TAMs (S100A8+/S100A9+/CCR2+),CCL5,CCR1,0.172208844559606,0,1.89388183965102,0.599375110993313
CD8.TEX,Classical monocyte-derived TAMs (S100A8+/S100A9+/CCR2+),FLT3LG,FLT3,0.142314756681045,0,0,0.599375110993313
CD8.TEX,Classical monocyte-derived TAMs (S100A8+/S100A9+/CCR2+),HLA-C,LILRB1,0.656581504400924,1.59644678390951,1.86625458372494,0.811616119419081
CD8.TPEX,Classical monocyte-derived TAMs (S100A8+/S100A9+/CCR2+),HLA-C,LILRB1,0.729470911436697,1.68469248327259,1.74194849636528,0.811616119419081
CD8.TEX,IFN-stimulated immunomodulatory TAMs (ISG-high/PD-L1+/IDO1+),TIGIT,NECTIN2,0.277277140861968,0.151900357594588,0.637643976628763,0.599375110993313
CD8.TPEX,IFN-stimulated immunomodulatory TAMs (ISG-high/PD-L1+/IDO1+),TIGIT,NECTIN2,0.425605150059118,0.276802197813197,0.535880076469691,0.684145034532032
CD8.TEX,IFN-stimulated immunomodulatory TAMs (ISG-high/PD-L1+/IDO1+),LTB,CD40,1,0.187598466357433,0.150629979286461,1
CD8.TEX,IFN-stimulated immunomodulatory TAMs (ISG-high/PD-L1+/IDO1+),CCL5,CCRL2,0.211633604303109,0.3434257273817,2.69368280815852,0.599375110993313
CD8.TPEX,Inflammatory monocyte-derived TAMs (FCN1+/S100A8+),CIRBP,TREM1,0.012467254108121,0.93328612409446,1.86458329944188,0.348647767790486
CD8.TPEX,Proliferating TAMs (cycling/MKI67+),CALM1,HMMR,0.908994045880185,1.95143325237547,1.71448159777578,0.927173926797789
CD8.TEX,Proliferating TAMs (cycling/MKI67+),CCL5,CCR1,0.797351470111364,0,0,0.86521116969531
CD8.TPEX,Stress-response immunosuppressive TAMs (MARCO+/PPARG+/HSP-high),CIRBP,TREM1,0.35268919763227,0.644197872764959,1.38755620586254,0.614059869159085
CD8.TEX,Stress-response immunosuppressive TAMs (MARCO+/PPARG+/HSP-high),CCL5,CCR1,0.448204688677696,0.47974851500595,1.51153574788789,0.684145034532032
CD8.TEX,Stress-response immunosuppressive TAMs (MARCO+/PPARG+/HSP-high),CCL5,CCRL2,0.117025026695101,0,1.44306776942969,0.599375110993313
CD8.TEX,Stress-response immunosuppressive TAMs (MARCO+/PPARG+/HSP-high),CIRBP,TREM1,0.35268919763227,0.575823524591002,1.01766393448033,0.614059869159085
CD8.TPEX,Stress-response immunosuppressive TAMs (MARCO+/PPARG+/HSP-high),CCL5,CCR1,0.336725896478436,0.393994009248114,1.09475407312518,0.614059869159085
CD8.TEX,TREM2+/APOE+ lipid-associated immunosuppressive TAMs (LAMs),CCL5,CCR1,0.832635814675025,0.781670236130829,0.741392227011484,0.884675553092214
CD8.TEX,Tissue-resident immunosuppressive TAMs (anti-inflammatory/M2-like),CCL5,CCRL2,0.294724934508216,0.828228796201367,1.28616536325184,0.601238866396761
CD8.TEX,Tissue-resident immunosuppressive TAMs (anti-inflammatory/M2-like),TNFSF9,HLA-DPA1,0.201369373660395,1.18363006610888,1.71596548095122,0.599375110993313
CD8.TPEX,Tissue-resident immunosuppressive TAMs (anti-inflammatory/M2-like),HSPA1A,TLR4,0.0250535841867111,0.311732582920375,1.42598386925165,0.348647767790486
