p_val	avg_log2FC	pct.1	pct.2	p_val_adj	cluster	gene
0	3.871560739295072	0.67	0.075	0	0	GZMK
0	3.0679732349023654	0.394	0.068	0	0	EOMES
0	2.359997225366893	0.284	0.076	0	0	CD8B
0	2.3097626111724505	0.334	0.091	0	0	TRGC2
0	2.1929937579956076	0.319	0.098	0	0	F2R
0	2.1727444664412485	0.274	0.087	0	0	TC2N
0	2.1151218127066724	0.695	0.17	0	0	CD8A
0	2.0766062714801596	0.446	0.276	0	0	CLDND1
0	2.063149951550678	0.405	0.142	0	0	SH2D1A
0	2.05155230719893	0.982	0.298	0	0	CCL5
0	1.9999061903327555	0.281	0.078	0	0	CRTAM
0	1.9968944493018075	0.682	0.239	0	0	CST7
0	1.9738820074716146	0.406	0.152	0	0	ITM2C
0	1.9323987010160868	0.274	0.101	0	0	THEMIS
0	1.9144209556248106	0.262	0.122	0	0	CCR5
0	1.8546654854821996	0.796	0.22	0	0	GZMA
0	1.8267210645054714	0.271	0.099	0	0	ITGA1
0	1.7358324095318558	0.308	0.133	0	0	MIAT
0	1.7194075088972358	0.493	0.212	0	0	GIMAP7
0	1.6429922787981108	0.317	0.153	0	0	NFATC2
0	1.5453058430757372	0.648	0.271	0	0	CD3G
0	1.5053097949441447	0.327	0.157	0	0	PYHIN1
1.9471685940376884e-262	1.4546986526570695	0.322	0.183	4.730061948636353e-258	0	ARAP2
3.8500063036906475e-249	1.4500487405535132	0.304	0.17	9.352435312925321e-245	0	SYNE1
0	1.4381210801345667	0.54	0.296	0	0	APOBEC3G
0	1.4246015901433533	0.85	0.377	0	0	CD3E
4.68293741839074e-218	1.4114452810457163	0.3	0.177	1.1375791576754785e-213	0	DENND2D
0	1.4089957116152978	0.562	0.264	0	0	CD96
0	1.3898208174167985	0.407	0.206	0	0	RASGRP1
0	1.3883874198310586	0.354	0.156	0	0	GPR171
0	1.3865254744728968	0.424	0.2	0	0	BCL11B
4.7583982654465365e-240	1.3846158808751903	0.289	0.157	1.1559101066422726e-235	0	SLAMF6
0	1.3697891233977633	0.631	0.384	0	0	HCST
1.139875988468595e-219	1.33630529246927	0.304	0.176	2.7689867511879106e-215	0	PARP8
4.402234484918161e-183	1.3327045887223234	0.276	0.164	1.0693908010763197e-178	0	FAM102A
0	1.3270434715068282	0.362	0.149	0	0	GZMH
0	1.325400585600418	0.45	0.231	0	0	LCK
0	1.3197836584893747	0.312	0.132	0	0	CTSW
8.143802802489511e-160	1.3132144884250474	0.257	0.154	1.978292576780752e-155	0	DYRK2
5.533592864810752e-289	1.3116591004511513	0.435	0.292	1.3442203787198279e-284	0	RBL2
5.0578472239336165e-244	1.3026685040687234	0.417	0.288	1.2286522476379542e-239	0	PIK3R1
0	1.2755795164201849	0.522	0.332	0	0	SLFN5
0	1.2731947119885334	0.557	0.264	0	0	CD3D
0	1.2724089313859406	0.477	0.3	0	0	RARRES3
0	1.272055876264647	0.61	0.329	0	0	FYN
7.003220948944376e-130	1.2661313785560875	0.28	0.191	1.7012224329175677e-125	0	CCSER2
4.640902112154502e-139	1.2523456271709605	0.3	0.206	1.1273679410845717e-134	0	BCL9L
0	1.2497644451202423	0.821	0.375	0	0	CD2
0	1.2386670323899192	0.486	0.23	0	0	SLAMF7
0	1.2239067042761116	0.872	0.461	0	0	TRBC2
0	8.113562566840708	0.91	0.023	0	1	FCGR3B
0	7.788079970284009	0.554	0.009	0	1	CXCR1
0	7.717355645823895	0.364	0.005	0	1	CMTM2
0	7.693775784392869	0.693	0.015	0	1	CXCR2
0	7.547958123846522	0.427	0.013	0	1	FFAR2
0	6.561412443948884	0.428	0.023	0	1	LRG1
0	6.5367997860798734	0.308	0.019	0	1	HCAR3
0	6.510077062245709	0.331	0.014	0	1	DGAT2
0	6.49619212765535	0.945	0.125	0	1	CSF3R
0	6.32865810451845	0.336	0.017	0	1	AL034397.3
0	6.297124258321946	0.341	0.02	0	1	TNFAIP6
0	6.283962461644874	0.279	0.014	0	1	MME
0	5.952079875717869	0.725	0.074	0	1	CLEC4E
0	5.932027358263232	0.334	0.029	0	1	HCAR2
0	5.760647788690911	0.847	0.099	0	1	G0S2
0	5.729411506880244	0.721	0.135	0	1	CXCL8
0	5.532256615152581	0.343	0.034	0	1	FPR2
0	5.529879416525667	0.39	0.037	0	1	KCNJ15
0	5.476862802682804	0.549	0.054	0	1	P2RY13
0	5.232413659191556	0.897	0.151	0	1	S100A9
0	5.232405006693842	0.869	0.134	0	1	S100A8
0	5.169566049024712	0.298	0.038	0	1	CREB5
0	5.123646875704023	0.554	0.051	0	1	IL1R2
0	5.113050705545893	0.433	0.055	0	1	VNN2
0	5.003675722784072	0.83	0.189	0	1	SLC25A37
0	4.995614391977618	0.361	0.027	0	1	STEAP4
0	4.928504793357636	0.846	0.125	0	1	FPR1
0	4.927158941091385	0.665	0.132	0	1	GCA
0	4.877092913026246	0.439	0.066	0	1	MSRB1
0	4.8460123530789865	0.646	0.085	0	1	AQP9
0	4.82564615515325	0.678	0.141	0	1	MNDA
0	4.780978043148499	0.258	0.034	0	1	AC012368.1
0	4.776844257991939	0.526	0.089	0	1	TLR2
0	4.758647191557482	0.508	0.073	0	1	TREM1
0	4.676319461620959	0.516	0.115	0	1	IFIT3
0	4.624410533811651	0.441	0.079	0	1	IFIT2
0	4.598807726647202	0.285	0.047	0	1	DOCK5
0	4.520165593124801	0.981	0.595	0	1	IFITM2
0	4.456823797714962	0.813	0.174	0	1	MXD1
0	4.401708933991669	0.313	0.058	0	1	OSM
0	4.397657965926703	0.443	0.096	0	1	TLR4
0	4.380747795221179	0.567	0.103	0	1	SMIM25
0	4.377731070457132	0.512	0.105	0	1	CSF2RB
0	4.374024053660374	0.328	0.058	0	1	SIRPB1
0	4.319200097563799	0.365	0.07	0	1	STX3
0	4.304310465937967	0.948	0.25	0	1	NAMPT
0	4.27105832062654	0.465	0.099	0	1	SECTM1
0	4.249657700339892	0.327	0.07	0	1	PTGS2
0	4.24660475958166	0.328	0.09	0	1	CCRL2
0	4.160260549759824	0.713	0.18	0	1	MBOAT7
0	6.746010803572149	0.421	0.006	0	2	CD300E
0	6.101975491256138	0.527	0.012	0	2	SDS
0	5.750658308228628	0.427	0.007	0	2	OLFML2B
0	5.647159416253305	0.321	0.018	0	2	CCL2
0	5.63924377600414	0.282	0.009	0	2	EREG
0	5.507059856033498	0.519	0.019	0	2	VCAN
0	5.4909657631592435	0.254	0.004	0	2	ASGR1
0	5.446475786256171	0.84	0.08	0	2	CTSL
0	5.420916930354105	0.646	0.014	0	2	PLA2G7
0	5.352048078754843	0.69	0.018	0	2	FPR3
0	5.344883727906948	0.318	0.006	0	2	GAL3ST4
0	5.227260976293169	0.802	0.034	0	2	CD163
0	5.172208044287678	0.266	0.007	0	2	HAMP
0	5.127958487644871	0.559	0.014	0	2	EPB41L3
0	5.06628021726127	0.769	0.026	0	2	LILRB4
0	5.06291246108052	0.27	0.008	0	2	ADAMDEC1
0	5.059638590005363	0.622	0.053	0	2	LGMN
0	5.043131930338835	0.43	0.009	0	2	STAB1
0	5.0150306090749694	0.27	0.027	0	2	CXCL9
0	4.935380747660586	0.251	0.021	0	2	CXCL10
0	4.9251510185870595	0.722	0.03	0	2	MS4A4A
0	4.9182085994993034	0.564	0.023	0	2	CD36
0	4.867202634528992	0.301	0.072	0	2	SPP1
0	4.819767644418298	0.781	0.025	0	2	CSF1R
0	4.816072872762115	0.881	0.056	0	2	TMEM176B
0	4.764446220426778	0.406	0.013	0	2	MERTK
0	4.722065598943194	0.833	0.045	0	2	TGFBI
0	4.673764515272934	0.737	0.042	0	2	MAFB
0	4.670151774195897	0.456	0.014	0	2	FAM198B
0	4.664456762373221	0.513	0.014	0	2	SIGLEC1
0	4.6630649457643845	0.589	0.019	0	2	ADAP2
0	4.662186706460131	0.433	0.017	0	2	SDC3
0	4.6097277181508955	0.393	0.015	0	2	RGL1
0	4.578622454644699	0.798	0.045	0	2	TMEM176A
0	4.557180576670353	0.84	0.027	0	2	CPVL
0	4.529715337734044	0.334	0.012	0	2	SLC16A10
0	4.514627514819973	0.28	0.011	0	2	CLEC5A
0	4.512583212474791	0.726	0.04	0	2	OLR1
0	4.503901264392116	0.625	0.025	0	2	LHFPL2
0	4.486802517819178	0.478	0.041	0	2	PLTP
0	4.46431881934059	0.334	0.013	0	2	FAM20C
0	4.453177152819924	0.996	0.171	0	2	LYZ
0	4.4522808735237875	0.603	0.068	0	2	APOE
0	4.440827235443241	0.444	0.017	0	2	TMEM51
0	4.421927169695924	0.345	0.011	0	2	IL4I1
0	4.394224592867973	0.997	0.476	0	2	CTSB
0	4.393701633098067	0.346	0.022	0	2	CXCL3
0	4.390748226608921	0.829	0.046	0	2	MS4A6A
0	4.370425026713378	0.578	0.023	0	2	SLCO2B1
0	4.365800356830475	0.295	0.011	0	2	TCN2
0	7.33431429914269	0.8	0.021	0	3	BANK1
0	7.294221396898686	0.251	0.003	0	3	LINC00926
0	7.0497635047925895	0.41	0.008	0	3	VPREB3
0	6.9854965918112	0.983	0.038	0	3	MS4A1
0	6.852421138788722	0.445	0.008	0	3	FCRLA
0	6.6959742502439035	0.461	0.01	0	3	PAX5
0	6.613364780731448	0.527	0.014	0	3	CD19
0	6.18576837170524	0.508	0.014	0	3	TNFRSF13C
0	5.706352667013794	0.267	0.007	0	3	FAM129C
0	5.610123901684371	0.349	0.012	0	3	TLR10
0	5.419781972043315	0.465	0.023	0	3	CD22
0	5.143182022837998	0.542	0.046	0	3	RALGPS2
0	4.9689419384862665	0.427	0.028	0	3	HLA-DOB
0	4.722350229862518	0.301	0.014	0	3	SPIB
0	4.539054123262862	0.299	0.025	0	3	PKIG
0	4.515033608725607	0.414	0.035	0	3	CD79B
0	4.438419299049802	0.919	0.055	0	3	CD79A
0	4.2975199914318845	0.368	0.04	0	3	BCL11A
0	4.20922431661522	0.311	0.032	0	3	CPNE5
0	4.08441870433557	0.383	0.039	0	3	NAPSB
0	4.049029587439495	0.522	0.081	0	3	MEF2C
0	3.8773366006151533	0.356	0.054	0	3	ADAM28
0	3.7969834793221895	0.666	0.148	0	3	SMIM14
0	3.558336507478108	0.515	0.117	0	3	SWAP70
0	3.4754584884605704	0.428	0.087	0	3	HVCN1
0	3.4519382870237294	0.264	0.063	0	3	SCIMP
0	3.383832072762305	0.271	0.037	0	3	AIM2
0	3.284180930892832	0.491	0.113	0	3	TCF4
0	3.2782759130125614	0.409	0.056	0	3	POU2AF1
0	3.177883163927924	0.488	0.107	0	3	HLA-DOA
0	3.1744159701024275	0.567	0.117	0	3	IRF8
0	3.140451128945958	0.291	0.075	0	3	LY86
0	3.0986761223797723	0.393	0.102	0	3	MARCH1
0	3.0964444192063745	0.613	0.145	0	3	POU2F2
0	3.0856965903630016	0.434	0.053	0	3	CD24
0	3.039261685172532	0.281	0.072	0	3	CD40
0	3.0190362576163032	0.255	0.043	0	3	BCAS4
0	2.823644208197373	0.261	0.073	0	3	CIITA
0	2.8061651547297384	0.26	0.08	0	3	FGD2
0	2.7928988432780377	0.319	0.05	0	3	GAPT
0	2.757629748674269	0.274	0.084	0	3	BTK
0	2.679434081544774	0.33	0.114	0	3	CXXC5
0	2.648821871069124	0.429	0.134	0	3	CCDC50
0	2.492512664689757	0.272	0.084	0	3	PLEKHF2
0	2.4600892834692143	0.347	0.083	0	3	PARP15
0	2.4500810962821395	0.357	0.101	0	3	PLCG2
0	2.3244124996493793	0.939	0.498	0	3	CD37
0	2.2201566878653907	0.558	0.152	0	3	FCMR
0	2.0939720614975834	0.316	0.084	0	3	RASGRP2
0	2.0917878557558183	0.271	0.1	0	3	STRBP
0	3.389085728794414	0.321	0.045	0	4	TNFRSF9
0	3.288052302518348	0.61	0.122	0	4	GNLY
0	3.279520247281747	0.576	0.083	0	4	LAG3
0	3.24558444350289	0.758	0.123	0	4	GZMB
0	3.2163861247437557	0.385	0.055	0	4	AKAP5
0	3.033882366379793	0.568	0.095	0	4	IFNG
0	3.0231940963381465	0.404	0.074	0	4	MYO7A
0	2.9122867473303202	0.425	0.065	0	4	FASLG
0	2.8596308916731923	0.79	0.158	0	4	PRF1
0	2.808994297646932	0.272	0.052	0	4	TNIP3
0	2.7976191699889785	0.467	0.097	0	4	ITGAE
0	2.791109319826415	0.513	0.084	0	4	LINC01871
0	2.739091429818373	0.875	0.166	0	4	CD8A
0	2.7185981768632286	0.311	0.081	0	4	CRTAM
0	2.7064905244077533	0.377	0.084	0	4	CSF1
0	2.6410753667136624	0.467	0.081	0	4	ITGA1
0	2.614052672666174	0.535	0.081	0	4	KLRD1
0	2.5369812942283034	0.661	0.12	0	4	GZMH
0	2.504970670870112	0.916	0.24	0	4	NKG7
0	2.500702584473997	0.986	0.32	0	4	CCL5
0	2.493243994114878	0.506	0.173	0	4	HAVCR2
0	2.4467777803691395	0.4	0.069	0	4	CD8B
0	2.3818559820021274	0.486	0.147	0	4	PHLDA1
0	2.33442094067452	0.542	0.111	0	4	CTSW
0	2.3307367950269464	0.883	0.228	0	4	GZMA
0	2.226972917415135	0.391	0.088	0	4	PDCD1
0	2.217364312534218	0.358	0.077	0	4	CXCR6
0	2.2145759073845968	0.829	0.307	0	4	CCL4
0	2.1573678937120153	0.596	0.162	0	4	DUSP4
0	2.1423823186865443	0.422	0.151	0	4	SLC7A5
0	2.097842100585564	0.375	0.095	0	4	SLA2
0	2.087762415149083	0.736	0.224	0	4	CD7
0	2.0391214380514997	0.67	0.198	0	4	TIGIT
0	2.006980616590962	0.38	0.094	0	4	TRGC2
0	2.0003456110042306	0.517	0.163	0	4	PTPN22
0	1.9921802934285273	0.328	0.109	0	4	CHST12
0	1.9510454887123574	0.66	0.248	0	4	CCND2
0	1.949996796898143	0.735	0.281	0	4	APOBEC3G
0	1.917434627279325	0.306	0.143	0	4	GALNT2
0	1.913456574254621	0.519	0.144	0	4	GPR171
0	1.9067596583141981	0.255	0.094	0	4	NDFIP2
0	1.906619551492931	0.444	0.126	0	4	SIRPG
0	1.8923204282366648	0.723	0.238	0	4	IL2RB
0	1.878882603595358	0.474	0.169	0	4	CBLB
0	1.855662444216723	0.562	0.204	0	4	CCL4L2
0	1.8470202040341206	0.376	0.144	0	4	DUSP5
0	1.8375158327652874	0.629	0.278	0	4	PTMS
0	1.7526085466410342	0.443	0.139	0	4	SH2D2A
0	1.731114315672311	0.254	0.081	0	4	BICDL1
0	1.7106898501465648	0.713	0.361	0	4	APOBEC3C
0	3.5563097228485576	0.303	0.032	0	5	CD40LG
0	3.217409123707627	0.839	0.202	0	5	IL7R
0	3.04851654834834	0.543	0.094	0	5	TCF7
0	2.967571049277054	0.257	0.045	0	5	LEF1
0	2.5899303382057948	0.323	0.072	0	5	CCR7
0	1.8655018871686486	0.513	0.234	0	5	DGKA
0	1.8129874875371965	0.343	0.122	0	5	CD5
0	1.7734990343857802	0.284	0.112	0	5	AL365361.1
1.2681408372960304e-278	1.7227217079011803	0.315	0.154	3.080567721959517e-274	5	RCAN3
0	1.6866808897347851	0.424	0.199	0	5	PIK3IP1
0	1.6561729227723263	0.503	0.222	0	5	GIMAP7
0	1.6452133493580117	0.483	0.203	0	5	BCL11B
1.1202828140812159e-282	1.6058448004363703	0.313	0.147	2.7213910119660898e-278	5	PDE3B
3.823848408035384e-176	1.590007012609258	0.334	0.21	9.288892552799554e-172	5	IL6ST
6.8770444250452325e-267	1.5732206662314685	0.312	0.151	1.6705716317319879e-262	5	RORA
0	1.5565478922007572	0.585	0.248	0	5	LTB
0	1.5087867152936631	0.394	0.197	0	5	PBXIP1
0	1.4497623523716445	0.352	0.165	0	5	ITK
0	1.4459660408999508	0.735	0.307	0	5	SPOCK2
9.82143403170621e-230	1.3924663246225988	0.316	0.164	2.3858227549820725e-225	5	FAM102A
0	1.3794059436320807	0.489	0.315	0	5	LEPROTL1
0	1.3131757684007814	0.559	0.391	0	5	FXYD5
0	1.3094589869772841	0.816	0.596	0	5	ZFP36L2
0	1.2768380515204703	0.525	0.266	0	5	CD4
3.5320763377088615e-85	1.232271127211178	0.276	0.195	8.580119839562366e-81	5	TMEM173
0	1.2175057161390717	0.726	0.413	0	5	ETS1
5.3884821308367136e-90	1.201303640236092	0.27	0.183	1.3089700792228545e-85	5	SATB1
2.8126510875281604e-109	1.1867664031061478	0.257	0.158	6.832492021823407e-105	5	DYRK2
0	1.1819522272485292	0.719	0.581	0	5	SARAF
3.1638471224631794e-250	1.1802879180900852	0.509	0.364	7.685617429887556e-246	5	NOP53
0	1.154518494904956	0.889	0.43	0	5	TRAC
6.80598859502228e-168	1.1514262703011582	0.437	0.324	1.6533107495028122e-163	5	RPL3P4
3.683096631580776e-83	1.13734963532658	0.281	0.2	8.94697833743602e-79	5	RPL13P12
9.277648427802352e-199	1.1267266115076482	0.435	0.288	2.2537263560817472e-194	5	GPRIN3
3.899525327060357e-114	1.1172391592181918	0.351	0.252	9.472726924495019e-110	5	CDKN1B
0	1.1160659687009538	0.518	0.284	0	5	MAF
0	1.112471036582218	0.85	0.696	0	5	RPL4
1.8107010684765242e-67	1.1116557749753342	0.288	0.219	4.3985550355431727e-63	5	RPL10P3
6.069687572691398e-116	1.105316721413984	0.306	0.199	1.4744485051581943e-111	5	ZC3H6
0	1.105037067269493	0.929	0.791	0	5	RPL13
0	1.0881911586228257	0.867	0.717	0	5	RPL3
0	1.0860915021407527	0.491	0.252	0	5	TRBC1
6.484596071020693e-232	1.0843115820076408	0.539	0.42	1.5752380775723467e-227	5	AP001324.1
2.4333883903934485e-96	1.0806037101990489	0.279	0.184	5.911187077943765e-92	5	DENND2D
1.148456717272706e-41	1.0791019248301676	0.252	0.205	2.7898310575988574e-37	5	LDHB
7.271718683409973e-80	1.076333762363097	0.299	0.22	1.7664459025739506e-75	5	RPL34P27
8.452907063433837e-86	1.0742384604306434	0.252	0.164	2.0533801838493477e-81	5	EPB41
2.1135769780878104e-132	1.0718888266748021	0.404	0.295	5.134301195170909e-128	5	PIK3R1
0	1.067314954644377	0.949	0.816	0	5	RPS12
0	1.0601973772725004	0.934	0.802	0	5	RPS3
0	5.851422700795716	0.412	0.013	0	6	FOXP3
0	5.138018553289927	0.311	0.015	0	6	TNFRSF4
0	4.117173963892724	0.258	0.032	0	6	ICA1
0	3.8065645724556063	0.283	0.045	0	6	IL2RA
0	3.3640104042722276	0.295	0.036	0	6	MAL
0	3.3571159738994503	0.287	0.049	0	6	IKZF4
0	3.173447087267403	0.621	0.103	0	6	CTLA4
0	3.166913007004136	0.363	0.053	0	6	TOX2
0	3.1349700977326753	0.342	0.113	0	6	CXCL13
0	3.0506249994717125	0.253	0.046	0	6	LINC01943
0	2.9494342958803688	0.515	0.101	0	6	TBC1D4
0	2.8881532921965962	0.8	0.258	0	6	MAF
0	2.759056937270434	0.402	0.077	0	6	ICOS
0	2.7397711710427104	0.323	0.069	0	6	IKZF2
0	2.5399945477950525	0.252	0.045	0	6	TNFRSF25
0	2.4282194332319422	0.36	0.104	0	6	BATF
0	2.3967707677970544	0.34	0.063	0	6	CD28
0	2.388205810434949	0.768	0.244	0	6	CD4
0	2.275785217514854	0.878	0.295	0	6	SPOCK2
0	2.188822841022569	0.283	0.088	0	6	TIAM1
0	2.1186750338634974	0.45	0.137	0	6	DUSP16
0	2.100996011627352	0.696	0.203	0	6	TIGIT
0	2.0343820121016045	0.517	0.177	0	6	DUSP4
0	1.8865546907944863	0.45	0.13	0	6	SIRPG
0	1.8493808380948167	0.303	0.096	0	6	SLAMF1
0	1.8437550886792327	0.431	0.18	0	6	TMEM173
0	1.8219378898260603	0.422	0.141	0	6	RORA
0	1.8182557945309292	0.328	0.118	0	6	ZNRF1
0	1.800088865110217	0.96	0.493	0	6	IL32
0	1.773762534520988	0.615	0.247	0	6	LTB
3.1172815832035577e-277	1.7604628934748554	0.262	0.107	7.572500421918082e-273	6	MFHAS1
0	1.7595770426094157	0.427	0.146	0	6	SH2D2A
0	1.7538056005253266	0.291	0.103	0	6	TRAF1
0	1.7411597650865576	0.407	0.203	0	6	IL6ST
0	1.740061575991318	0.426	0.181	0	6	ARID5B
0	1.7278469187078418	0.293	0.102	0	6	PDCD1
1.5116477910838147e-252	1.726799204073353	0.307	0.149	3.6720948141008025e-248	6	SNX9
0	1.718814771223431	0.359	0.164	0	6	PHACTR2
0	1.7132657968203664	0.655	0.298	0	6	PIM2
0	1.667805632814191	0.485	0.19	0	6	PBXIP1
0	1.6461688251421709	0.389	0.118	0	6	CD5
0	1.630245993023009	0.961	0.426	0	6	TRAC
0	1.5898715357195508	0.612	0.279	0	6	BIRC3
0	1.5882801396877255	0.551	0.248	0	6	TRBC1
0	1.556618146298502	0.528	0.235	0	6	DGKA
2.4379767361029754e-269	1.5517082250500267	0.292	0.127	5.922333087341348e-265	6	SESN3
2.4805606850988655e-211	1.5402447206935295	0.367	0.215	6.025778016242164e-207	6	FURIN
0	1.5348305406979985	0.446	0.157	0	6	ITK
0	1.5299461896651518	0.626	0.243	0	6	CD7
3.1598767649418347e-304	1.526719530220758	0.305	0.127	7.675972637396705e-300	6	GLCCI1
0	6.87226392405173	0.523	0.004	0	7	DSC3
0	6.870867074502293	0.486	0.007	0	7	NTS
0	6.86030560037314	0.787	0.028	0	7	AKR1B10
0	6.8338773474025105	0.348	0.002	0	7	PCDH19
0	6.808690004620859	0.841	0.018	0	7	GPX2
0	6.778433134984998	0.269	0.001	0	7	GRHL3
0	6.7317447362397775	0.544	0.007	0	7	FGFBP1
0	6.667254809114148	0.747	0.042	0	7	ALDH3A1
0	6.636314493527135	0.325	0.002	0	7	FOXE1
0	6.634373552805517	0.636	0.008	0	7	PKP1
0	6.625705965815694	0.289	0.002	0	7	SOX21
0	6.607382652409724	0.29	0.002	0	7	WDR72
0	6.589574157744079	0.3	0.008	0	7	KRT13
0	6.555203687490628	0.792	0.041	0	7	KRT5
0	6.492677818588602	0.363	0.002	0	7	ARTN
0	6.470756366824886	0.493	0.005	0	7	CLCA2
0	6.442268226869864	0.289	0.002	0	7	CAPNS2
0	6.420626048772502	0.629	0.011	0	7	NTRK2
0	6.405326025432926	0.705	0.022	0	7	CLDN1
0	6.403573478571439	0.427	0.003	0	7	SOX15
0	6.3785133582498155	0.343	0.002	0	7	BMP7
0	6.372723648355332	0.354	0.004	0	7	GJB6
0	6.367268516971386	0.647	0.011	0	7	SERPINB5
0	6.337821360865355	0.455	0.004	0	7	PTPRZ1
0	6.296950671046504	0.754	0.023	0	7	SOX2
0	6.287450784967569	0.864	0.048	0	7	SFN
0	6.282726883205326	0.484	0.009	0	7	NDUFA4L2
0	6.279811840223518	0.562	0.013	0	7	SLC6A8
0	6.233017817565233	0.339	0.002	0	7	CASC9
0	6.179246662227428	0.364	0.003	0	7	NDRG4
0	6.161099049556191	0.265	0.003	0	7	GJB3
0	6.099283990669772	0.817	0.035	0	7	AKR1C2
0	6.079668065715126	0.266	0.005	0	7	PTHLH
0	6.075753157617459	0.433	0.008	0	7	FERMT1
0	6.05843693034798	0.624	0.01	0	7	TRIM29
0	6.036110326629284	0.666	0.046	0	7	S100A2
0	6.008303298394459	0.286	0.002	0	7	SPTSSB
0	5.976809690984813	0.81	0.04	0	7	KRT19
0	5.962074522320482	0.516	0.007	0	7	CYP4F11
0	5.961617414804801	0.551	0.01	0	7	CALB2
0	5.952096388692513	0.59	0.01	0	7	TP63
0	5.9191572717435825	0.909	0.094	0	7	PERP
0	5.896406949888184	0.76	0.038	0	7	AKR1C1
0	5.865337253573124	0.78	0.034	0	7	AKR1C3
0	5.828676374032181	0.495	0.012	0	7	UCHL1
0	5.784723965496929	0.415	0.007	0	7	RAB6B
0	5.763741282100589	0.622	0.011	0	7	TMPRSS4
0	5.756264403397676	0.734	0.029	0	7	DSP
0	5.669336138705754	0.797	0.029	0	7	S100A16
0	5.668845492062468	0.744	0.025	0	7	NQO1
0	7.655448975805137	0.292	0.005	0	8	MYOM2
0	7.430151523194331	0.454	0.005	0	8	KLRF1
0	6.699661307465628	0.658	0.02	0	8	CX3CR1
0	6.367072877529611	0.262	0.005	0	8	SH2D1B
0	6.327805379903669	0.654	0.025	0	8	FGFBP2
0	6.066867816573923	0.313	0.006	0	8	S1PR5
0	5.7528725940547005	0.46	0.023	0	8	SPON2
0	4.549706886256681	0.356	0.014	0	8	TRDC
0	4.405190227586208	0.304	0.017	0	8	PRSS23
0	4.047674757773586	0.301	0.021	0	8	MYBL1
0	3.917809139314607	0.316	0.024	0	8	FCRL6
0	3.7156290683894624	0.421	0.06	0	8	ADGRG1
0	3.649515137378083	0.389	0.048	0	8	TGFBR3
0	3.5329096187163698	0.292	0.05	0	8	C1orf21
0	3.528785260925873	0.75	0.104	0	8	KLRD1
0	3.239213563346756	0.422	0.063	0	8	TBX21
0	3.0521080875601823	0.281	0.061	0	8	CEP78
0	2.8505583474480924	0.865	0.199	0	8	PRF1
0	2.7504141296957028	0.974	0.284	0	8	NKG7
0	2.7448524936673797	0.252	0.041	0	8	TRGC1
0	2.7326351471147907	0.633	0.138	0	8	CTSW
0	2.688908305089563	0.516	0.126	0	8	CD247
0	2.6639891798114683	0.828	0.148	0	8	GNLY
0	2.6570428251323737	0.265	0.046	0	8	LINC00861
0	2.634589925676863	0.752	0.154	0	8	GZMH
0	2.5875027089317504	0.368	0.075	0	8	HOPX
0	2.5256990756338182	0.434	0.103	0	8	PTPN4
0	2.5018001934891183	0.475	0.123	0	8	PLAC8
0	2.40127894791178	0.254	0.05	0	8	SAMD3
5.164420452086474e-252	2.333509540959722	0.365	0.14	1.2545410162208464e-247	8	SSBP3
0	2.2660224955717303	0.591	0.174	0	8	FCGR3A
4.7545192648820055e-228	2.219854021536674	0.312	0.109	1.1549678198251367e-223	8	RASA3
7.243280887781888e-105	2.1644551055219132	0.252	0.119	1.7595377932599762e-100	8	RAP2A
0	2.1638862468824795	0.658	0.252	0	8	SPN
0	2.1396645537279015	0.329	0.075	0	8	KLRB1
0	2.0069267926465075	0.822	0.278	0	8	CST7
0	1.961675994867769	0.397	0.113	0	8	TRGC2
1.1853853990509988e-237	1.9532930861240159	0.285	0.087	2.8795382113746863e-233	8	PRR5L
5.038749222226122e-270	1.949544544340151	0.326	0.101	1.2240129610631694e-265	8	TRG-AS1
0	1.923431765772647	0.482	0.177	0	8	SYNE1
0	1.9149632483757073	0.742	0.324	0	8	RUNX3
3.542722508848459e-203	1.9089380159184661	0.331	0.127	8.605981518494676e-199	8	RASSF1
0	1.8836702027825782	0.855	0.444	0	8	ARL4C
0	1.8631636173249957	0.641	0.267	0	8	GNG2
4.13479127286109e-83	1.8585628335851823	0.251	0.129	1.004423496003416e-78	8	HIPK2
1.4251707712473386e-249	1.8568231716722987	0.279	0.079	3.4620248375140348e-245	8	GZMM
1.64638113582312e-194	1.8551371155607659	0.298	0.107	3.999389055141523e-190	8	C12orf75
0	1.8479309327140816	0.806	0.46	0	8	EFHD2
9.840020128421862e-158	1.8143625927126692	0.368	0.179	2.390337689596239e-153	8	GNPTAB
3.417774201637138e-238	1.764142494997109	0.377	0.143	8.302457090616935e-234	8	PXN
0	6.638518146808391	0.354	0.004	0	9	KIF15
0	6.509957582176595	0.539	0.011	0	9	ASPM
0	6.409292235511647	0.773	0.023	0	9	MKI67
0	6.392199703444225	0.389	0.006	0	9	DLGAP5
0	6.186319359799675	0.347	0.005	0	9	PKMYT1
0	6.1722679964385945	0.361	0.006	0	9	GTSE1
0	6.128414265684539	0.462	0.01	0	9	RRM2
0	6.105827537762613	0.375	0.009	0	9	HMMR
0	6.072766851656847	0.379	0.006	0	9	HJURP
0	6.053365810666495	0.315	0.005	0	9	CDCA5
0	5.999522980740982	0.262	0.004	0	9	KIF18B
0	5.968962628916025	0.276	0.005	0	9	SPC25
0	5.93701799951142	0.717	0.02	0	9	TYMS
0	5.935554758946177	0.665	0.024	0	9	TOP2A
0	5.921100523569257	0.303	0.006	0	9	KIF14
0	5.878748179695573	0.29	0.004	0	9	CDCA2
0	5.832644033772676	0.381	0.007	0	9	AURKB
0	5.8091425927496925	0.343	0.007	0	9	KIF2C
0	5.793902206884678	0.387	0.009	0	9	CDCA8
0	5.751523701272108	0.487	0.012	0	9	KIFC1
0	5.728675647598662	0.349	0.007	0	9	CKAP2L
0	5.672113867774382	0.501	0.012	0	9	NCAPG
0	5.65927354419696	0.259	0.005	0	9	ESCO2
0	5.636639833184932	0.358	0.009	0	9	KIF23
0	5.617619711865098	0.272	0.007	0	9	TROAP
0	5.575979668300459	0.28	0.006	0	9	DTL
0	5.497859303807952	0.429	0.011	0	9	UBE2C
0	5.441896833158884	0.447	0.012	0	9	BIRC5
0	5.413860238299964	0.467	0.013	0	9	CEP55
0	5.3802123526324115	0.326	0.01	0	9	CCNB2
0	5.361314043999036	0.302	0.008	0	9	KIF4A
0	5.347499374301072	0.452	0.013	0	9	CCNA2
0	5.313469609080891	0.532	0.017	0	9	ZWINT
0	5.263984125590227	0.274	0.008	0	9	SHCBP1
0	5.246373345328759	0.587	0.028	0	9	CENPF
0	5.238780215838386	0.453	0.014	0	9	PCLAF
0	5.214827667718118	0.392	0.011	0	9	CLSPN
0	5.21330039978576	0.496	0.017	0	9	CDK1
0	5.188061947669459	0.484	0.015	0	9	KIF11
0	5.162200879838039	0.39	0.012	0	9	KNL1
0	5.119578610899835	0.264	0.007	0	9	TTK
0	5.075400157462518	0.572	0.026	0	9	TPX2
0	5.0727654862778815	0.291	0.011	0	9	CDT1
0	4.994760356483034	0.305	0.012	0	9	PLK1
0	4.969213760380881	0.299	0.009	0	9	CDKN3
0	4.933343201221151	0.462	0.021	0	9	CENPE
0	4.904533508582129	0.329	0.01	0	9	MELK
0	4.903506832533195	0.341	0.012	0	9	FOXM1
0	4.9034554217015724	0.274	0.007	0	9	SGO1
0	4.82735016535447	0.916	0.112	0	9	STMN1
0	9.642768271281902	0.701	0.06	0	10	IGHA1
0	9.570784647436192	0.389	0.001	0	10	IGHJ4
0	9.451557629387807	0.664	0.074	0	10	IGHG1
0	9.310748222035052	0.635	0.064	0	10	IGLC2
0	9.310291736592257	0.512	0.026	0	10	IGHG2
0	9.301331749802127	0.499	0.027	0	10	IGLC3
0	9.10843060738407	0.618	0.047	0	10	IGHGP
0	9.044863513378722	0.936	0.059	0	10	JCHAIN
0	8.785662658389848	0.701	0.089	0	10	IGHG3
0	8.678312421423586	0.569	0.031	0	10	IGHA2
0	8.614763271053596	0.69	0.099	0	10	IGHG4
0	7.7511499489968685	0.36	0.008	0	10	IGLC7
0	7.589459248587636	0.977	0.53	0	10	IGKC
0	7.354910012565661	0.986	0.022	0	10	MZB1
0	7.209381745853402	0.597	0.004	0	10	AC012236.1
0	7.132253931793674	0.956	0.023	0	10	DERL3
0	6.982331113305387	0.493	0.003	0	10	ANKRD36BP2
0	6.595089300989699	0.465	0.003	0	10	TNFRSF17
0	6.479852429263266	0.364	0.003	0	10	LINC02362
0	6.2833537212461446	0.553	0.108	0	10	IGHM
0	6.233003842657327	0.347	0.003	0	10	FER1L4
0	5.636558991442406	0.401	0.006	0	10	KCNN3
0	5.20994054734989	0.282	0.006	0	10	SPAG4
0	4.988610157210655	0.896	0.043	0	10	FKBP11
0	4.823595044655727	0.995	0.291	0	10	SSR4
0	4.49847082217136	0.822	0.076	0	10	PRDX4
0	4.396460460678607	0.99	0.268	0	10	XBP1
0	4.2632792703399796	0.273	0.007	0	10	AC104699.1
0	4.25884403701114	0.719	0.023	0	10	FCRL5
0	3.7154867992499496	0.389	0.027	0	10	CHPF
0	3.7135828755695552	0.958	0.194	0	10	SEC11C
0	3.6784928450457457	0.407	0.016	0	10	PNOC
0	3.668180440108884	0.322	0.021	0	10	FAM30A
0	3.6676014453085486	0.449	0.029	0	10	SLC17A9
0	3.6193780229180224	0.596	0.041	0	10	PDK1
0	3.5310750713955303	0.835	0.072	0	10	POU2AF1
0	3.4372754102391148	0.407	0.028	0	10	TRAM2
0	3.3871877102594867	0.435	0.044	0	10	NT5DC2
0	3.3763922116489584	0.306	0.02	0	10	PARM1
0	3.302935697173144	0.439	0.044	0	10	HIST1H2BG
0	3.3025129384091123	0.431	0.062	0	10	GPM6A
0	3.2871158694130966	0.349	0.037	0	10	PTP4A3
0	3.1686955760039632	0.266	0.021	0	10	STARD5
0	3.1473545974124013	0.941	0.128	0	10	CD79A
0	3.1365486635231146	0.567	0.056	0	10	SPATS2
0	3.073248831431828	0.817	0.152	0	10	TXNDC11
0	3.060331136727128	0.954	0.311	0	10	PIM2
0	3.0519943912511334	0.973	0.348	0	10	HERPUD1
0	3.013238403366732	0.366	0.036	0	10	EAF2
0	2.921761997935251	0.657	0.044	0	10	CPNE5
0	10.133469444251247	0.664	0.018	0	11	SFTPA1
0	9.735114854043182	0.437	0.003	0	11	DMBT1
0	9.647852345654321	0.58	0.004	0	11	SFTPD
0	9.59375644926008	0.734	0.048	0	11	SFTPA2
0	9.429196436127658	0.691	0.007	0	11	NAPSA
0	9.346757045083944	0.368	0.002	0	11	PGC
0	9.22382365899594	0.57	0.002	0	11	AQP4
0	9.04678787079187	0.862	0.074	0	11	SFTPB
0	9.010207507254211	0.64	0.003	0	11	CTSE
0	8.79846970588464	0.299	0.001	0	11	PEBP4
0	8.735214365012158	0.278	0.001	0	11	GKN2
0	8.6913889348009	0.257	0.001	0	11	HHIP
0	8.645218385079367	0.3	0.001	0	11	ZNF385B
0	8.552899004596666	0.499	0.002	0	11	C16orf89
0	8.272870592545994	0.84	0.011	0	11	SLC34A2
0	8.19040010496093	0.455	0.002	0	11	SUSD2
0	8.05089736692189	0.495	0.029	0	11	SCGB3A2
0	7.982215516432568	0.304	0.005	0	11	HP
0	7.95102113267986	0.372	0.002	0	11	VEPH1
0	7.939393643236101	0.31	0.001	0	11	PPP1R1B
0	7.866260805743843	0.756	0.007	0	11	SFTA2
0	7.843532853411323	0.68	0.005	0	11	NKX2-1
0	7.8430664822731435	0.254	0.001	0	11	ROS1
0	7.702172013011287	0.264	0.002	0	11	AQP5
0	7.693539852666305	0.747	0.007	0	11	FOLR1
0	7.640399468709645	0.336	0.002	0	11	SLC22A31
0	7.577342449453413	0.691	0.01	0	11	PIGR
0	7.423218463883016	0.318	0.002	0	11	SLC6A14
0	7.412426144242378	0.43	0.004	0	11	FLRT3
0	7.352741729150996	0.52	0.007	0	11	CYP2B7P
0	7.278885493112197	0.403	0.025	0	11	SCGB3A1
0	7.242537926596684	0.51	0.004	0	11	PDZK1IP1
0	7.240140700522263	0.44	0.013	0	11	LTF
0	7.185256159846812	0.487	0.007	0	11	ITGB6
0	7.1622970713687915	0.711	0.009	0	11	SELENBP1
0	7.154229238390911	0.282	0.003	0	11	SCNN1B
0	7.139696039093988	0.764	0.009	0	11	MUC1
0	6.97132130831694	0.566	0.006	0	11	TMEM125
0	6.925997551567538	0.509	0.004	0	11	LMO3
0	6.864762984833403	0.345	0.002	0	11	CAPN8
0	6.821107933758873	0.395	0.004	0	11	FOXA2
0	6.784572498762175	0.487	0.004	0	11	CREB3L1
0	6.704898252741858	0.817	0.015	0	11	WFDC2
0	6.67786979314945	0.368	0.004	0	11	NDNF
0	6.677692201516123	0.598	0.009	0	11	TCIM
0	6.67448420677704	0.875	0.029	0	11	CXCL17
0	6.651554946830517	0.305	0.003	0	11	MSLN
0	6.629171079846999	0.312	0.003	0	11	PRR15L
0	6.618852727693946	0.699	0.013	0	11	GPRC5A
0	6.615476616788807	0.441	0.004	0	11	TMPRSS2
0	6.921052098505225	0.375	0.005	0	12	FABP4
0	6.416822708114475	0.364	0.006	0	12	PCOLCE2
0	6.24472850562181	0.261	0.008	0	12	FABP3
0	5.663095385726064	0.29	0.007	0	12	RBP4
0	5.526580485054556	0.266	0.005	0	12	FFAR4
0	4.923346289637163	0.273	0.009	0	12	GLDN
0	4.8777954656281794	0.515	0.03	0	12	LPL
0	4.7581509826319115	0.6	0.046	0	12	APOC1P1
0	4.595650872351554	0.756	0.123	0	12	FBP1
0	4.550620654801826	0.894	0.14	0	12	APOC1
0	4.459793243256435	0.839	0.092	0	12	C1QA
0	4.361356526029395	0.63	0.062	0	12	MARCO
0	4.3572769214305875	0.461	0.031	0	12	PPARG
0	4.35336688607053	0.891	0.132	0	12	C1QB
0	4.2668653374323275	0.691	0.088	0	12	MRC1
0	4.165961079030954	0.438	0.045	0	12	NUPR1
0	4.148183775510396	0.417	0.031	0	12	COLEC12
0	4.097862145767597	0.718	0.109	0	12	CCL18
0	4.080669946730042	0.649	0.08	0	12	VSIG4
0	4.013750526505389	0.57	0.072	0	12	FN1
0	3.903629994747655	0.561	0.078	0	12	ADAMTSL4
0	3.900988278693175	0.415	0.032	0	12	TREM2
0	3.8284328590330134	0.688	0.088	0	12	MSR1
0	3.767800146349555	0.864	0.113	0	12	C1QC
0	3.7254460090924817	0.253	0.021	0	12	BACE1
0	3.668009346091931	0.383	0.03	0	12	ACE
0	3.665633424699176	0.347	0.023	0	12	INHBA
0	3.653559749157313	0.535	0.056	0	12	CYP27A1
0	3.5286936918389342	0.561	0.082	0	12	GCHFR
0	3.469612951018923	0.355	0.045	0	12	CD68
0	3.435313840803735	0.6	0.079	0	12	SLCO2B1
0	3.380050449241196	0.296	0.024	0	12	IL3RA
0	3.3773414699840556	0.504	0.069	0	12	MCEMP1
0	3.375952783158101	0.692	0.144	0	12	ALDH2
0	3.3627238620218627	0.416	0.042	0	12	AXL
0	3.3557986406619786	0.329	0.035	0	12	ACO1
0	3.327272665926224	0.815	0.139	0	12	MS4A7
0	3.3019255822062146	0.265	0.024	0	12	FRMD4A
0	3.299905873719509	0.803	0.119	0	12	APOE
5.4339184890800426e-269	3.2785321195346926	0.261	0.034	1.320007479367324e-264	12	GGTA1P
5.011419931715306e-268	3.269306985853289	0.26	0.034	1.2173741298122822e-263	12	AC020922.2
0	3.2518508641741324	0.377	0.048	0	12	SLC1A3
0	3.2491060267114618	0.403	0.043	0	12	MMP19
1.5424899706797808e-238	3.2262057838313876	0.262	0.038	3.7470166367753234e-234	12	CFD
0	3.2222240522816428	0.303	0.033	0	12	ARRDC4
0	3.2201959225872923	0.34	0.04	0	12	PDK4
0	3.134809879545579	0.47	0.058	0	12	GPX3
0	3.1237621924090053	0.823	0.254	0	12	ACP5
0	3.1214359705908246	0.724	0.21	0	12	LTA4H
0	3.118711394545568	0.41	0.054	0	12	TCF7L2
0	8.34471547104541	0.342	0.002	0	13	CD1E
0	6.948357173267977	0.342	0.005	0	13	FCER1A
0	5.950619813105066	0.293	0.004	0	13	FLT3
0	5.536758358834668	0.321	0.007	0	13	PKIB
0	5.345994981084662	0.471	0.024	0	13	CLEC10A
0	5.113462206701739	0.435	0.022	0	13	CD1C
0	4.7384541443121275	0.393	0.015	0	13	PALD1
0	4.734677515606151	0.361	0.016	0	13	LGALS2
0	4.560826453402106	0.492	0.03	0	13	CLIC2
0	4.559053713885232	0.544	0.041	0	13	AXL
0	4.397195907704052	0.463	0.021	0	13	NDRG2
0	4.247907524122213	0.322	0.036	0	13	LAMP3
8.83509583552355e-186	4.140736061781731	0.291	0.055	2.1462214803653805e-181	13	FSCN1
0	4.0863676257320485	0.294	0.03	0	13	GPR157
0	4.027751782658164	0.333	0.026	0	13	KCNMB1
0	3.963693459083966	0.419	0.031	0	13	RTN1
0	3.649245063418902	0.307	0.04	0	13	C1orf54
0	3.622373027320585	0.731	0.111	0	13	CPVL
0	3.435492543821055	0.333	0.035	0	13	CYP2S1
0	3.425864351615451	0.538	0.047	0	13	CSF2RA
0	3.4036703225785097	0.347	0.03	0	13	GRASP
0	3.395682801635676	0.545	0.063	0	13	VASH1
0	3.3035650594728674	0.959	0.258	0	13	CST3
0	3.257179068502861	0.681	0.069	0	13	NAPSB
0	3.222140024283884	0.535	0.074	0	13	NR4A3
0	3.199537877423262	0.401	0.043	0	13	NAV1
2.7282603194288956e-296	3.1745172194389046	0.519	0.116	6.627489967956673e-292	13	AREG
0	3.1667630348905473	0.304	0.033	0	13	GGTA1P
0	3.1148846690528487	0.328	0.032	0	13	IDO1
0	3.1069536252321477	0.393	0.025	0	13	PLD4
0	3.0605577744235326	0.86	0.237	0	13	PPA1
0	3.0489734471145447	0.981	0.363	0	13	HLA-DQB1
0	3.0350570924647973	0.275	0.03	0	13	F13A1
0	3.0288334357961872	0.998	0.555	0	13	HLA-DPA1
0	3.0247131860266285	0.51	0.091	0	13	SHTN1
0	3.0072182531492504	0.316	0.028	0	13	GPAT3
0	2.9929536556327023	0.999	0.553	0	13	HLA-DPB1
0	2.975505037435981	0.415	0.04	0	13	SERPINF1
3.8270831513230936e-242	2.967594406588947	0.263	0.037	9.296750391194059e-238	13	FILIP1L
0	2.9339391200754212	0.603	0.104	0	13	CSF1R
0	2.8845413701958877	0.564	0.076	0	13	SLC8A1
0	2.879699724530022	0.9	0.167	0	13	CCDC88A
0	2.8326732201765843	0.443	0.052	0	13	TSPAN33
0	2.830393264760108	0.849	0.242	0	13	HLA-DRB3
0	2.8147616184323208	0.802	0.141	0	13	CD86
0	2.804161288417679	0.836	0.142	0	13	ALDH2
0	2.797781264122097	0.669	0.128	0	13	MS4A6A
0	2.732510360963019	0.999	0.602	0	13	HLA-DRA
0	2.6943906226254297	0.995	0.435	0	13	HLA-DQA1
0	2.6876399223020755	0.879	0.253	0	13	PEA15
0	12.966228929734353	1	0.004	0	14	CPA3
0	12.805956966848486	0.994	0.002	0	14	TPSAB1
0	12.552463601426787	0.998	0.015	0	14	TPSB2
0	11.94472297746289	0.992	0.002	0	14	MS4A2
0	11.727416675857103	0.301	0	0	14	CTSG
0	11.319302322575782	0.969	0.001	0	14	SLC18A2
0	11.196572248336816	0.656	0	0	14	AL157895.1
0	11.171064138256323	0.76	0.001	0	14	GCSAML
0	11.047195054922216	0.981	0.003	0	14	GATA2
0	10.798321734718877	0.681	0.001	0	14	TPSD1
0	10.689775524066778	0.988	0.004	0	14	KIT
0	10.487587081249135	0.44	0	0	14	CDK15
0	10.129055478541945	0.833	0.003	0	14	HDC
0	9.595408914178618	0.818	0.002	0	14	IL1RL1
0	9.251601305414667	0.829	0.004	0	14	HPGDS
0	8.74637994132146	0.253	0.001	0	14	ITGA2B
0	8.383033036202207	0.766	0.006	0	14	SLC45A3
0	8.231088416099173	0.259	0.001	0	14	TAL1
0	8.080274029449406	0.507	0.003	0	14	KCNH2
0	7.996818372989102	0.273	0.002	0	14	ENPP3
0	7.7017005031962755	0.305	0.002	0	14	SLC24A3
0	7.611010011759852	0.869	0.009	0	14	SIGLEC17P
0	7.545015324535374	0.858	0.01	0	14	MAOB
0	7.278500361754308	0.735	0.01	0	14	RHEX
0	7.127453447855519	0.455	0.007	0	14	CNRIP1
0	7.065303763006975	0.426	0.005	0	14	SIGLEC8
0	6.870863619990244	0.975	0.046	0	14	VWA5A
0	6.7709553252656365	0.251	0.002	0	14	SIGLEC6
0	6.601939690450063	0.655	0.01	0	14	RGS13
0	6.494854645443702	0.514	0.009	0	14	LIF
0	6.359355753121898	0.255	0.006	0	14	PAQR5
0	6.052505499818672	0.852	0.057	0	14	HPGD
0	6.007606749682534	0.781	0.035	0	14	PTGS1
0	5.875133691107435	0.288	0.007	0	14	PLAT
0	5.816196197456568	0.553	0.022	0	14	PBX1
0	5.32841739357246	0.417	0.017	0	14	CAVIN2
0	5.25624176921875	0.478	0.017	0	14	DLC1
0	5.223232247062738	0.363	0.019	0	14	GMPR
0	5.190410634562936	0.384	0.007	0	14	FCER1A
0	5.145818036850191	0.286	0.011	0	14	FERMT2
0	5.142948041098834	0.261	0.014	0	14	MEIS2
0	5.088895326810577	0.969	0.087	0	14	CLU
0	4.981878918003154	0.468	0.019	0	14	RAB27B
0	4.9488428617598625	0.428	0.02	0	14	HS6ST1
0	4.901932522421957	0.639	0.034	0	14	BACE2
0	4.885665866668902	0.537	0.026	0	14	MLPH
0	4.846790629508487	0.537	0.013	0	14	AKAP12
0	4.610505778172605	0.345	0.021	0	14	FER
0	4.554897235554801	0.566	0.026	0	14	CAVIN1
0	4.540607044329324	0.566	0.013	0	14	TIMP3
0	11.928319467779453	0.594	0.001	0	15	POSTN
0	11.770064393942176	0.583	0.002	0	15	LUM
0	11.660084629314122	0.254	0	0	15	CLEC14A
0	11.590273544421581	0.66	0.011	0	15	COL3A1
0	11.425273566209054	0.46	0	0	15	ISLR
0	11.384914225107474	0.638	0.004	0	15	DCN
0	11.354278222809413	0.656	0.009	0	15	COL1A2
0	11.323524746750557	0.35	0.001	0	15	SFRP2
0	11.154399563023308	0.783	0.001	0	15	BGN
0	11.106075728762502	0.362	0.001	0	15	MFAP4
0	10.854211397489546	0.652	0.023	0	15	COL1A1
0	10.736227703529964	0.335	0.001	0	15	COL10A1
0	10.69451150316483	0.652	0.001	0	15	THY1
0	10.627772180459115	0.717	0.001	0	15	LAMA4
0	10.447796703019218	0.5	0.001	0	15	THBS2
0	10.436353627535883	0.55	0.001	0	15	PRRX1
0	10.423987420184892	0.663	0.002	0	15	COL5A2
0	10.406127443741212	0.313	0.001	0	15	CD34
0	10.248054370808662	0.477	0	0	15	ANGPTL2
0	10.105128497638917	0.327	0.001	0	15	RAMP2
0	10.07526046260676	0.313	0	0	15	NID2
0	10.003254911705312	0.79	0.003	0	15	COL4A1
0	9.95956490871291	0.271	0.001	0	15	EMCN
0	9.947485792141778	0.327	0	0	15	ADAMTS12
0	9.87966820353322	0.294	0.001	0	15	CDH5
0	9.867989863335232	0.325	0.001	0	15	HSPB6
0	9.864910052258766	0.269	0	0	15	COL14A1
0	9.835075792561755	0.61	0.003	0	15	COL15A1
0	9.755135036506783	0.481	0.001	0	15	MXRA5
0	9.72054297857061	0.86	0.006	0	15	COL4A2
0	9.555659407192516	0.965	0.027	0	15	SPARC
0	9.50479723887451	0.29	0.003	0	15	VWF
0	9.371061221356708	0.287	0.001	0	15	EDNRA
0	9.301269106877475	0.356	0.001	0	15	RHOJ
0	9.153908223410971	0.313	0.001	0	15	HTRA3
0	8.948811510949454	0.315	0.001	0	15	ADAMTS4
0	8.836858190644818	0.7	0.02	0	15	MMP2
0	8.825166838436644	0.287	0.001	0	15	GLT8D2
0	8.800416551192718	0.3	0.001	0	15	NES
0	8.79554218967947	0.437	0.001	0	15	MXRA8
0	8.780889059764675	0.36	0.001	0	15	COL12A1
0	8.778380914569983	0.442	0.002	0	15	RARRES2
0	8.741143760426656	0.623	0.005	0	15	COL5A1
0	8.711181194671054	0.494	0.001	0	15	FBN1
0	8.68505796303525	0.283	0.005	0	15	PCDH17
0	8.564120972355038	0.427	0.006	0	15	SULF1
0	8.553198742450734	0.292	0.002	0	15	ELN
0	8.532235853782987	0.415	0.001	0	15	FAP
0	8.523369148203582	0.894	0.019	0	15	CALD1
0	8.474874835464098	0.394	0.002	0	15	C1QTNF1
0	9.757242641961854	0.728	0.002	0	16	SNTN
0	9.72748254392667	0.381	0	0	16	TMEM212
0	9.636309582416137	0.699	0.002	0	16	FAM216B
0	9.529120254148838	0.612	0.001	0	16	CFAP126
0	9.466352857418283	0.373	0	0	16	APOBEC4
0	9.444640535205892	0.384	0.001	0	16	CCDC60
0	9.373764192999587	0.54	0.001	0	16	CABCOCO1
0	9.336334622300246	0.503	0.001	0	16	LRRC10B
0	9.323945133668154	0.701	0.002	0	16	C11orf88
0	9.308524728310086	0.668	0.002	0	16	ENKUR
0	9.26172143668525	0.779	0.004	0	16	RSPH1
0	9.253844497530103	0.802	0.005	0	16	C9orf24
0	9.251169647189386	0.443	0.001	0	16	CACNG6
0	9.244587310950502	0.581	0.001	0	16	STMND1
0	9.228645369872496	0.625	0.001	0	16	WDR38
0	9.197284105264439	0.464	0.001	0	16	RGS22
0	9.190782978317694	0.528	0.001	0	16	DYDC2
0	9.183345702769204	0.812	0.005	0	16	C1orf194
0	9.14779903570049	0.53	0.001	0	16	STOML3
0	9.132848093234143	0.666	0.002	0	16	EFCAB1
0	9.121106437343151	0.443	0.001	0	16	MAP3K19
0	9.098549932773176	0.594	0.002	0	16	RSPH4A
0	9.095896431974344	0.627	0.001	0	16	TEKT1
0	9.092844117358947	0.612	0.002	0	16	ERICH3
0	9.080984861688714	0.518	0.001	0	16	CFAP52
0	9.066569671277607	0.412	0.001	0	16	ARMC4
0	9.029233123645438	0.369	0.001	0	16	TMEM190
0	8.995137594761468	0.532	0.001	0	16	DRC1
0	8.981252761254485	0.478	0.001	0	16	C1orf158
0	8.97871573275491	0.408	0.001	0	16	DNAAF3
0	8.96350881702354	0.526	0.001	0	16	NWD1
0	8.945826653240804	0.497	0.001	0	16	C1orf87
0	8.920054229529327	0.555	0.001	0	16	FAM81B
0	8.87083470849658	0.625	0.002	0	16	C5orf49
0	8.836050070580296	0.68	0.003	0	16	FAM183A
0	8.832597646316879	0.518	0.002	0	16	PPIL6
0	8.8153624575049	0.381	0.001	0	16	PPP1R42
0	8.804421505235918	0.606	0.003	0	16	CCDC113
0	8.79656020894505	0.462	0.001	0	16	PACRG
0	8.776492204852463	0.476	0.001	0	16	C6orf118
0	8.756778694371366	0.526	0.001	0	16	DNAH9
0	8.755924154315268	0.254	0	0	16	PRR18
0	8.750800505139994	0.726	0.005	0	16	AC007906.2
0	8.750485533738145	0.767	0.006	0	16	PIFO
0	8.738121154267757	0.433	0.001	0	16	RSPH9
0	8.730311279075732	0.344	0.001	0	16	AKAP14
0	8.724208097726352	0.551	0.002	0	16	CCDC173
0	8.702212041961163	0.443	0.001	0	16	CFAP300
0	8.663089609822622	0.6	0.002	0	16	ARMC3
0	8.657152752171717	0.647	0.003	0	16	LRRIQ1
0	11.015468337838746	0.378	0	0	17	SHD
0	9.999769464253664	0.462	0	0	17	CLEC4C
0	9.826075335013897	0.874	0.002	0	17	LILRA4
0	8.195972377609122	0.472	0.004	0	17	LAMP5
0	7.512114237077281	0.283	0.003	0	17	PTCRA
0	6.8956117782683215	0.448	0.01	0	17	PTGDS
0	6.87202158208906	0.629	0.009	0	17	MAP1A
0	6.5435751919452745	0.689	0.012	0	17	SMPD3
0	6.439022513310536	0.339	0.007	0	17	SCAMP5
0	6.3255151788570245	0.455	0.008	0	17	TCL1A
0	6.24747170850202	0.853	0.027	0	17	PLD4
0	6.095908507339481	0.514	0.006	0	17	PACSIN1
0	5.9319720645727925	0.713	0.025	0	17	IL3RA
0	5.9278625390171715	0.318	0.008	0	17	LINC00996
0	5.542895647793536	0.297	0.003	0	17	PLVAP
0	5.5118953206315675	0.759	0.042	0	17	SERPINF1
0	5.374799962628332	0.318	0.004	0	17	EPHB1
0	4.931444852143788	0.406	0.018	0	17	PHEX
0	4.889404861480774	0.329	0.011	0	17	CIB2
0	4.813260377201816	0.57	0.042	0	17	GAS6
0	4.8076050296818	0.357	0.013	0	17	TPM2
0	4.806261796214265	0.972	0.164	0	17	IRF8
0	4.754290442016259	0.752	0.043	0	17	SPIB
0	4.736431550450036	0.409	0.019	0	17	ZFAT
0	4.72635746247464	0.843	0.08	0	17	TSPAN13
0	4.712893252073488	0.339	0.018	0	17	PALD1
4.639579617207849e-275	4.638895629382944	0.374	0.027	1.1270466806121306e-270	17	EGLN3
0	4.559284881329039	0.598	0.051	0	17	TNFRSF21
8.386381544794662e-193	4.419705628619329	0.294	0.023	2.0372198048615193e-188	17	RASD1
0	4.377651144199778	0.951	0.132	0	17	PLAC8
3.2684266067376064e-148	4.36375319749127	0.252	0.022	7.939661913086993e-144	17	CLCN5
6.765948969359536e-278	4.362771200074922	0.469	0.043	1.6435843236368185e-273	17	TLR7
1.9030622420728595e-305	4.349856810371115	0.948	0.205	4.6229187984433906e-301	17	IRF7
1.7019744345199934e-207	4.288438030995692	0.357	0.032	4.1344362963359676e-203	17	GRASP
0	4.204806462639427	0.874	0.125	0	17	MPEG1
0	4.184925886711216	0.794	0.074	0	17	BCL11A
3.169423460673397e-186	4.166144699884106	0.902	0.284	7.699163470667816e-182	17	GPR183
0	4.163703117990491	0.636	0.034	0	17	FAM129C
0	4.148752593753309	0.941	0.152	0	17	TCF4
3.5211674335807906e-279	4.1379308285275656	0.668	0.089	8.553619929654457e-275	17	IRF4
0	4.13701553512231	0.948	0.179	0	17	UGCG
1.2394697670503123e-281	4.080409968347771	0.388	0.028	3.010919958118619e-277	17	PFKFB2
2.6203435440539127e-301	4.044487869219161	0.455	0.036	6.365338537215765e-297	17	CLIC3
2.2156695009728297e-288	3.968875620855016	0.542	0.055	5.382304351763198e-284	17	TRAF4
3.529983540653716e-226	3.964103732068356	0.573	0.079	8.575036016956008e-222	17	OPN3
0	3.9442767596990054	0.762	0.075	0	17	NAPSB
2.0062755974009464e-134	3.9069296257307204	0.455	0.078	4.873644681206379e-130	17	NR4A3
1.0055930095391038e-140	3.828446369311851	0.42	0.064	2.442786538772391e-136	17	CLN8
6.705658203971014e-275	3.7771168025585693	0.86	0.164	1.6289384909086388e-270	17	CCDC50
1.3927382923232083e-120	3.755043645767424	0.325	0.044	3.3832398597115376e-116	17	CXorf21
1.2528815485617094e-187	3.895838972760513	0.457	0.057	3.0434998577661047e-183	18	NMRAL2P
1.6594995352458671e-183	3.2205060827263203	0.493	0.066	4.0312562710192605e-179	18	AKR1C1
9.996526075709272e-239	2.91145080192009	0.525	0.058	2.4283561143112964e-234	18	AKR1B10
1.3932604230789674e-223	2.875789593133741	0.554	0.07	3.3845082197434276e-219	18	ALDH3A1
1.087545479038546e-100	2.8218228476634244	0.382	0.067	2.641865477680436e-96	18	AKR1C2
3.521643948534359e-90	2.7070224041511404	0.368	0.071	8.554777479779665e-86	18	S100A2
4.669297692646827e-172	2.57882026874786	0.536	0.081	1.1342657954977672e-167	18	SFN
3.394861202083165e-43	2.5643772417219344	0.25	0.06	8.246796832100424e-39	18	MAL2
2.224908104119845e-31	2.499296619635886	0.346	0.137	5.404746766527928e-27	18	CSTA
9.121539131319588e-67	2.4982356066784313	0.282	0.052	2.2158042857801543e-62	18	GPX2
4.497570421068093e-139	2.362622860466999	0.604	0.126	1.0925498066858611e-134	18	PERP
1.6366398836772338e-37	2.3344521347537306	0.304	0.093	3.975725605428736e-33	18	CDKN2A
3.762797087091773e-79	2.3180537368726992	0.714	0.321	9.140586683963336e-75	18	TXN
8.98954197556288e-57	2.2673976812413916	0.314	0.072	2.1837395367037345e-52	18	KRT19
3.1321471820564533e-50	2.1920824974211714	0.379	0.112	7.608611934651537e-46	18	IFI27
7.163539641275055e-79	2.0727476444909687	0.771	0.374	1.7401670496585362e-74	18	ANXA1
2.020253850094673e-55	1.8596360171331248	0.761	0.451	4.9076006526499795e-51	18	CSTB
1.7533446200939625e-21	1.8118357982074405	0.339	0.158	4.2592247511322534e-17	18	CD9
1.1912067506564037e-21	1.7399742696170357	0.271	0.106	2.8936794386945357e-17	18	ICOS
2.8927933497022756e-41	1.6620332876507422	0.279	0.072	7.027173605096768e-37	18	KRT5
1.0996558961195452e-13	1.6126229003223187	0.307	0.166	2.6712841028535994e-9	18	RORA
1.904378039586023e-47	1.4952510436424635	0.793	0.486	4.626115133762367e-43	18	TNFAIP3
1.5238066394350283e-12	1.4740385200946662	0.307	0.171	3.701631088515571e-8	18	TENT5C
6.060372576472787e-5	1.4453298767450469	0.261	0.195	1	18	PTGER4
2.3950894445190635e-6	1.4315257344905727	0.332	0.268	0.05818151278625709	18	SLC38A2
1.690628001491805e-26	1.3803374436312619	0.514	0.262	4.1068735412238927e-22	18	IL7R
7.997861165069724e-4	1.362856865809796	0.289	0.254	1	18	SEM1
1.1772525031658196e-12	1.3531425589619932	0.321	0.183	2.859781780690409e-8	18	ITK
4.17241358446427e-9	1.3409447804297154	0.432	0.36	1.0135627079380604e-4	18	TRA2B
2.1877959495910393e-4	1.3224786896230507	0.268	0.211	1	18	DSTN
3.347120936811326e-19	1.3059003172783874	0.589	0.477	8.130826179702073e-15	18	COX6C
1.708052743314735e-10	1.2383878961313333	0.314	0.191	4.1492017240601545e-6	18	ATF3
2.874337493784255e-10	1.2176640251304343	0.621	0.583	6.982340639900712e-6	18	NEAT1
1.1091701799471058e-39	1.2027213788715359	0.711	0.431	2.69439620112751e-35	18	HSPB1
2.134999072473574e-7	1.192557593969787	0.332	0.237	0.005186339746852806	18	CREM
6.997879917196738e-15	1.1804664584131412	0.486	0.34	1.6999249894854316e-10	18	GSTP1
1.1406058955155656e-11	1.1769328239482548	0.329	0.189	2.7707598413864117e-7	18	ZNF331
4.2365116396033396e-12	1.1716312619291906	0.457	0.319	1.0291334074924432e-7	18	RGCC
9.34069345930493e-6	1.1601074328394818	0.282	0.206	0.22690412551343536	18	SPINT2
0.001040601894785875	1.1589549092231368	0.25	0.2	1	18	HIPK1
3.5505215889228596e-9	1.1431021741675778	0.439	0.346	8.62492704381141e-5	18	TOB1
9.577770245665391e-4	1.1334199025311962	0.339	0.305	1	18	PIK3R1
0.006997099156108795	1.133255327918124	0.254	0.223	1	18	RAP2B
0.0013667785593959431	1.0976109625129555	0.254	0.201	1	18	PMAIP1
2.0580288935878004e-15	1.096802411945733	0.596	0.487	4.9993637883034845e-11	18	DNAJA1
1.0741110414668404e-42	1.0934411303726908	0.936	0.837	2.609230541931249e-38	18	HSP90AA1
0.0015290538937487777	1.0846857644643833	0.321	0.292	1	18	CACYBP
7.00868416134329e-14	1.051854484652765	0.5	0.358	1.7025495564735119e-9	18	HSPH1
0.0037195771405132733	1.0375175313332923	0.325	0.306	1	18	EIF2S2
6.706680526566322e-6	1.0368683153624876	0.411	0.354	0.1629186833513491	18	CNOT6L
