subtype,signature,p_value,median_MPR,median_NMPR,p_adj
IFN-stimulated,HALLMARK_ANGIOGENESIS,2.80222853166887e-50,0.0436869539130761,0.0864832939588255,6.44512562283839e-49
IFN-stimulated,HALLMARK_HYPOXIA,2.71191310779627e-18,0.115643979992855,0.126772061450518,3.11870007396571e-17
IFN-stimulated,HALLMARK_EPITHELIAL_MESENCHYMAL_TRANSITION,2.86936802245643e-17,0.0807011432654519,0.0895248302965345,2.1998488172166e-16
IFN-stimulated,HALLMARK_OXIDATIVE_PHOSPHORYLATION,1.46418862458456e-14,0.133484280100036,0.151221864951768,8.41908459136123e-14
IFN-stimulated,HALLMARK_COMPLEMENT,2.91573821727652e-12,0.201067345480529,0.190403715612719,1.3412395799472e-11
IFN-stimulated,HALLMARK_REACTIVE_OXYGEN_SPECIES_PATHWAY,1.39234194560325e-10,0.130584572812176,0.143576617087513,5.33731079147914e-10
IFN-stimulated,HALLMARK_TGF_BETA_SIGNALING,5.37841117814394e-08,0.109601961893982,0.118040621266428,1.76719224424729e-07
IFN-stimulated,HALLMARK_GLYCOLYSIS,6.50351377312891e-08,0.0799178277956413,0.0850178635226867,1.86976020977456e-07
IFN-stimulated,HALLMARK_P53_PATHWAY,9.82258024646553e-06,0.111619328331547,0.115778849589139,2.51021495187452e-05
IFN-stimulated,HALLMARK_UNFOLDED_PROTEIN_RESPONSE,4.70399250315411e-05,0.127185558601488,0.11915318994965,9.83562068841313e-05
IFN-stimulated,HALLMARK_ALLOGRAFT_REJECTION,4.51158728170443e-05,0.199462307967131,0.192577706323687,9.83562068841313e-05
IFN-stimulated,HALLMARK_IL6_JAK_STAT3_SIGNALING,0.000394283821145792,0.167092964506758,0.162012915245674,0.000755710657196101
IFN-stimulated,HALLMARK_MYC_TARGETS_V1,0.000646169892125585,0.177533940693105,0.184306895319757,0.00114322365529911
IFN-stimulated,HALLMARK_TNFA_SIGNALING_VIA_NFKB,0.00234388602112098,0.172557163272597,0.182927831368346,0.00383993250118865
IFN-stimulated,HALLMARK_G2M_CHECKPOINT,0.00250430380512303,0.059046981064666,0.0561486245087531,0.00383993250118865
IFN-stimulated,HALLMARK_FATTY_ACID_METABOLISM,0.0561896124814035,0.0747753287084687,0.0760050615089178,0.0807725679420176
IFN-stimulated,HALLMARK_KRAS_SIGNALING_UP,0.0745627989875695,0.0948999642729547,0.0968470882458021,0.100879080983182
IFN-stimulated,HALLMARK_MYC_TARGETS_V2,0.0967446263699553,0.0381409091442038,0.0420394189168591,0.123618133694943
IFN-stimulated,HALLMARK_NOTCH_SIGNALING,0.188948760659888,0.0362002864846647,0.033440765082575,0.228727447114601
IFN-stimulated,HALLMARK_PI3K_AKT_MTOR_SIGNALING,0.246530474930992,0.152176917760885,0.150037845131142,0.283510046170641
IFN-stimulated,HALLMARK_INTERFERON_ALPHA_RESPONSE,0.272290750266481,0.215146681634422,0.216398928573966,0.298223202672812
IFN-stimulated,HALLMARK_INFLAMMATORY_RESPONSE,0.324084721238955,0.138488745980707,0.135144694533762,0.338815844931635
IFN-stimulated,HALLMARK_IL2_STAT5_SIGNALING,0.454311155512063,0.1074335965542,0.107234386216798,0.454311155512063
Lipid-associated,HALLMARK_MYC_TARGETS_V1,0.00234405187681285,0.180519828510182,0.147504465880672,0.0269565965833477
Lipid-associated,HALLMARK_INTERFERON_ALPHA_RESPONSE,0.00156013050507445,0.0872629611998835,0.138173460180324,0.0269565965833477
Lipid-associated,HALLMARK_ANGIOGENESIS,0.0122056264290069,0.103095586305171,0.0779521505981176,0.0935764692890531
Lipid-associated,HALLMARK_EPITHELIAL_MESENCHYMAL_TRANSITION,0.0648099600322364,0.105725259021079,0.0956305823508395,0.283463836165247
Lipid-associated,HALLMARK_G2M_CHECKPOINT,0.0739470876952817,0.064769560557342,0.0531814933904966,0.283463836165247
Lipid-associated,HALLMARK_UNFOLDED_PROTEIN_RESPONSE,0.0684582266341643,0.136763380126212,0.129152638002196,0.283463836165247
Lipid-associated,HALLMARK_INFLAMMATORY_RESPONSE,0.105684726543633,0.125380493033226,0.137688460164344,0.347249815786221
Lipid-associated,HALLMARK_ALLOGRAFT_REJECTION,0.136537460117683,0.167431225437656,0.159065737763487,0.392545197838339
Lipid-associated,HALLMARK_FATTY_ACID_METABOLISM,0.214347508906117,0.0568729142439594,0.0735433681312071,0.50161103067786
Lipid-associated,HALLMARK_NOTCH_SIGNALING,0.218091752468635,0.0411189753960229,0.0308602965958881,0.50161103067786
Lipid-associated,HALLMARK_TNFA_SIGNALING_VIA_NFKB,0.241842526425463,0.228301178992497,0.250653804930332,0.505670737071422
Lipid-associated,HALLMARK_PI3K_AKT_MTOR_SIGNALING,0.376395536645606,0.145881462467503,0.136996083851647,0.721424778570745
Lipid-associated,HALLMARK_TGF_BETA_SIGNALING,0.433550064988332,0.160460290511224,0.1235741683959,0.767050114979356
Lipid-associated,HALLMARK_COMPLEMENT,0.500493097390284,0.164119328331547,0.172009646302251,0.784301410902051
Lipid-associated,HALLMARK_P53_PATHWAY,0.511500920153512,0.128972847445516,0.123118971061093,0.784301410902051
Lipid-associated,HALLMARK_KRAS_SIGNALING_UP,0.618548081207869,0.0962808145766345,0.0997767059664165,0.7903669926545
Lipid-associated,HALLMARK_REACTIVE_OXYGEN_SPECIES_PATHWAY,0.60990909164018,0.123929436181252,0.135627810446212,0.7903669926545
Lipid-associated,HALLMARK_IL6_JAK_STAT3_SIGNALING,0.617248829372834,0.121147530630289,0.133478590375142,0.7903669926545
Lipid-associated,HALLMARK_HYPOXIA,0.680899437647265,0.141700607359771,0.14410146480886,0.801777656684282
Lipid-associated,HALLMARK_IL2_STAT5_SIGNALING,0.722366258320076,0.110240488155061,0.107738693467337,0.801777656684282
Lipid-associated,HALLMARK_MYC_TARGETS_V2,0.732057860450866,0.0440560916413606,0.0478021784755361,0.801777656684282
Lipid-associated,HALLMARK_GLYCOLYSIS,0.770769077519645,0.078276170060736,0.0797999285459092,0.80580403558872
Lipid-associated,HALLMARK_OXIDATIVE_PHOSPHORYLATION,0.909947084789033,0.105660950339407,0.110250089317613,0.909947084789033
M2-SIGLEC8+,HALLMARK_HYPOXIA,1.28965789619975e-06,0.120982493747767,0.134922293676313,2.96621316125943e-05
M2-SIGLEC8+,HALLMARK_INFLAMMATORY_RESPONSE,3.64043462645785e-06,0.120110753840657,0.140575205430511,4.18649982042652e-05
M2-SIGLEC8+,HALLMARK_REACTIVE_OXYGEN_SPECIES_PATHWAY,1.58192895167989e-05,0.145797301971636,0.169484607402283,0.000121281219628792
M2-SIGLEC8+,HALLMARK_OXIDATIVE_PHOSPHORYLATION,4.50702401033672e-05,0.136361200428725,0.155329581993569,0.000259153880594362
M2-SIGLEC8+,HALLMARK_TNFA_SIGNALING_VIA_NFKB,0.000103277963654818,0.186993569131833,0.215466237942122,0.000475078632812164
M2-SIGLEC8+,HALLMARK_G2M_CHECKPOINT,0.000377346662563395,0.0530207216863166,0.0465969989281886,0.00144649553982635
M2-SIGLEC8+,HALLMARK_IL6_JAK_STAT3_SIGNALING,0.000621993993859598,0.138191549829481,0.154262583680687,0.00204369455125296
M2-SIGLEC8+,HALLMARK_GLYCOLYSIS,0.00396719706601726,0.0829188996070025,0.0879403358342265,0.0114056915647996
M2-SIGLEC8+,HALLMARK_UNFOLDED_PROTEIN_RESPONSE,0.00526142830508974,0.130710356374073,0.118124421221766,0.0134458723352293
M2-SIGLEC8+,HALLMARK_MYC_TARGETS_V2,0.0110827475454793,0.0370915358369778,0.0313111890161686,0.0254903193546025
M2-SIGLEC8+,HALLMARK_IL2_STAT5_SIGNALING,0.0171677420517849,0.100204594400574,0.108135319454415,0.0358961879264594
M2-SIGLEC8+,HALLMARK_EPITHELIAL_MESENCHYMAL_TRANSITION,0.0271456924671198,0.0943997856377278,0.0988335119685602,0.052029243895313
M2-SIGLEC8+,HALLMARK_ALLOGRAFT_REJECTION,0.0335101362873203,0.18065737763487,0.183997856377278,0.0592871642006436
M2-SIGLEC8+,HALLMARK_FATTY_ACID_METABOLISM,0.0575912210284851,0.0821693199488502,0.0872330566434532,0.0945450151205531
M2-SIGLEC8+,HALLMARK_P53_PATHWAY,0.0616597924699259,0.1293158270811,0.132638442300822,0.0945450151205531
M2-SIGLEC8+,HALLMARK_COMPLEMENT,0.131123983382158,0.196993569131833,0.201507681314755,0.188490726111852
M2-SIGLEC8+,HALLMARK_KRAS_SIGNALING_UP,0.155752101926954,0.102750982493748,0.105886923901393,0.210723432018821
M2-SIGLEC8+,HALLMARK_INTERFERON_ALPHA_RESPONSE,0.17244387090738,0.137327971466532,0.130484131100485,0.22034494615943
M2-SIGLEC8+,HALLMARK_NOTCH_SIGNALING,0.217052425989466,0.0256361644759016,0.0218023255813953,0.262747673566196
M2-SIGLEC8+,HALLMARK_TGF_BETA_SIGNALING,0.269648437715426,0.120983462239829,0.122002137961391,0.31009570337274
M2-SIGLEC8+,HALLMARK_MYC_TARGETS_V1,0.605832631321663,0.162995712754555,0.164290818149339,0.663530977161822
M2-SIGLEC8+,HALLMARK_PI3K_AKT_MTOR_SIGNALING,0.871313283574505,0.149405995985125,0.15073386645605,0.910918432827891
M2-SIGLEC8+,HALLMARK_ANGIOGENESIS,0.913558758450479,0.0399182510218622,0.0432885213934826,0.913558758450479
MRC1+ M2-like,HALLMARK_ANGIOGENESIS,5.92276284581627e-79,0.078092773840327,0.101520605992425,1.36223545453774e-77
MRC1+ M2-like,HALLMARK_INTERFERON_ALPHA_RESPONSE,4.6296182681436e-67,0.139159271600816,0.109867350636248,5.32406100836514e-66
MRC1+ M2-like,HALLMARK_COMPLEMENT,1.01973736796872e-60,0.192870668095749,0.180853876384423,7.81798648776018e-60
MRC1+ M2-like,HALLMARK_REACTIVE_OXYGEN_SPECIES_PATHWAY,1.30451725229108e-59,0.174818401937046,0.151449325492909,7.50097420067373e-59
MRC1+ M2-like,HALLMARK_TNFA_SIGNALING_VIA_NFKB,7.02361722286145e-57,0.159698106466595,0.135089317613433,3.23086392251627e-56
MRC1+ M2-like,HALLMARK_INFLAMMATORY_RESPONSE,1.00521535154636e-42,0.105849410503751,0.0952715255448374,3.85332551426104e-42
MRC1+ M2-like,HALLMARK_ALLOGRAFT_REJECTION,2.74136263926578e-37,0.162316005716327,0.153931761343337,9.007334386159e-37
MRC1+ M2-like,HALLMARK_EPITHELIAL_MESENCHYMAL_TRANSITION,8.23224938526402e-32,0.095018756698821,0.101218292247231,2.36677169826341e-31
MRC1+ M2-like,HALLMARK_IL6_JAK_STAT3_SIGNALING,7.74104675776516e-19,0.11572604837691,0.107624415814071,1.97826750476221e-18
MRC1+ M2-like,HALLMARK_GLYCOLYSIS,1.55752279207323e-17,0.0814138978206502,0.0850357270453733,3.58230242176842e-17
MRC1+ M2-like,HALLMARK_PI3K_AKT_MTOR_SIGNALING,2.54559486516435e-09,0.157781288050811,0.153802612959489,5.32260744534365e-09
MRC1+ M2-like,HALLMARK_FATTY_ACID_METABOLISM,6.46530415272261e-08,0.0906526940504992,0.0869211678897162,1.2391832959385e-07
MRC1+ M2-like,HALLMARK_NOTCH_SIGNALING,1.0098951312788e-07,0.0362055527468824,0.0321873946747556,1.78673753995479e-07
MRC1+ M2-like,HALLMARK_TGF_BETA_SIGNALING,2.4732561827373e-07,0.120461548135572,0.125844180343331,4.06320658592556e-07
MRC1+ M2-like,HALLMARK_MYC_TARGETS_V1,6.10127749334597e-07,0.195850303679886,0.188354769560557,9.35529215646382e-07
MRC1+ M2-like,HALLMARK_MYC_TARGETS_V2,9.97856502731163e-06,0.0376572594355661,0.0403744914350034,1.43441872267605e-05
MRC1+ M2-like,HALLMARK_P53_PATHWAY,1.11288794393593e-05,0.113432475884244,0.10953018935334,1.50567192414861e-05
MRC1+ M2-like,HALLMARK_IL2_STAT5_SIGNALING,0.00268070566757159,0.0980186647523331,0.0988316582914572,0.00342534613078593
MRC1+ M2-like,HALLMARK_KRAS_SIGNALING_UP,0.0393080742222843,0.0825660950339407,0.0835423365487674,0.047583458269081
MRC1+ M2-like,HALLMARK_G2M_CHECKPOINT,0.217789869110181,0.0437852804573062,0.044140764558771,0.250458349476708
MRC1+ M2-like,HALLMARK_UNFOLDED_PROTEIN_RESPONSE,0.280305534046306,0.121385510766042,0.121618555246874,0.307001299193574
MRC1+ M2-like,HALLMARK_HYPOXIA,0.95887839182084,0.11915505537692,0.118433369060379,0.95887839182084
MRC1+ M2-like,HALLMARK_OXIDATIVE_PHOSPHORYLATION,0.950430784095916,0.170484101464809,0.169633797784923,0.95887839182084
Regulatory,HALLMARK_GLYCOLYSIS,0.00275046437616054,0.0759101464808861,0.0906073597713469,0.0632606806516925
Regulatory,HALLMARK_MYC_TARGETS_V1,0.00803515042627397,0.192535727045373,0.164006788138621,0.0924042299021506
Regulatory,HALLMARK_HYPOXIA,0.0194233381990232,0.125226866738121,0.139060378706681,0.143274646063224
Regulatory,HALLMARK_P53_PATHWAY,0.0321751921095659,0.124023758485173,0.114862450875313,0.143274646063224
Regulatory,HALLMARK_INTERFERON_ALPHA_RESPONSE,0.0274317041187859,0.103149623082552,0.124020405408286,0.143274646063224
Regulatory,HALLMARK_NOTCH_SIGNALING,0.0373759946251888,0.0189322126727334,0.0325770980788676,0.143274646063224
Regulatory,HALLMARK_G2M_CHECKPOINT,0.0539086857894329,0.0552420507324044,0.0493890675241158,0.177128539022422
Regulatory,HALLMARK_PI3K_AKT_MTOR_SIGNALING,0.13539073325845,0.156010794089578,0.152598150524896,0.389248358118045
Regulatory,HALLMARK_ALLOGRAFT_REJECTION,0.222823887462362,0.170306359414076,0.163533404787424,0.569438823514925
Regulatory,HALLMARK_TNFA_SIGNALING_VIA_NFKB,0.311013353260152,0.195064308681672,0.179001429081815,0.71533071249835
Regulatory,HALLMARK_COMPLEMENT,0.41458887164571,0.183450339406931,0.175123258306538,0.790524746742129
Regulatory,HALLMARK_TGF_BETA_SIGNALING,0.446818335115117,0.119971074640005,0.131975099037917,0.790524746742129
Regulatory,HALLMARK_UNFOLDED_PROTEIN_RESPONSE,0.41375969447697,0.129657056648207,0.124185110910775,0.790524746742129
Regulatory,HALLMARK_IL2_STAT5_SIGNALING,0.571137107000794,0.104520818377602,0.108653984206748,0.875743564067885
Regulatory,HALLMARK_FATTY_ACID_METABOLISM,0.540974670303799,0.0784467048953168,0.0753812840014436,0.875743564067885
Regulatory,HALLMARK_ANGIOGENESIS,0.853287983502502,0.0968659766752916,0.0978925263434207,0.993635222819913
Regulatory,HALLMARK_KRAS_SIGNALING_UP,0.707715468443163,0.0883065380493033,0.0915005359056806,0.993635222819913
Regulatory,HALLMARK_EPITHELIAL_MESENCHYMAL_TRANSITION,0.857271530122364,0.0995141121829225,0.098335119685602,0.993635222819913
Regulatory,HALLMARK_REACTIVE_OXYGEN_SPECIES_PATHWAY,0.993635222819913,0.136419923901764,0.138512625389139,0.993635222819913
Regulatory,HALLMARK_INFLAMMATORY_RESPONSE,0.979750396105846,0.126376384423008,0.123590568060021,0.993635222819913
Regulatory,HALLMARK_OXIDATIVE_PHOSPHORYLATION,0.980907289434155,0.129015719899964,0.14079135405502,0.993635222819913
Regulatory,HALLMARK_IL6_JAK_STAT3_SIGNALING,0.96876238309795,0.138653372489579,0.13472590627763,0.993635222819913
Regulatory,HALLMARK_MYC_TARGETS_V2,0.886970733461,0.0305256246409267,0.0349517522775504,0.993635222819913
Resident M2,HALLMARK_HYPOXIA,6.45898122223785e-05,0.113719185423365,0.144751697034655,0.000742782840557353
Resident M2,HALLMARK_GLYCOLYSIS,3.84491222787371e-05,0.0689460521614862,0.0914130046445159,0.000742782840557353
Resident M2,HALLMARK_FATTY_ACID_METABOLISM,0.0001067737858428,0.0621081897531178,0.0788076047389268,0.000818599024794799
Resident M2,HALLMARK_ALLOGRAFT_REJECTION,0.000463133986975449,0.200385852090032,0.175946766702394,0.00266302042510883
Resident M2,HALLMARK_COMPLEMENT,0.00221593049859798,0.177684887459807,0.193301178992497,0.0101932802935507
Resident M2,HALLMARK_OXIDATIVE_PHOSPHORYLATION,0.0114005555463474,0.11950339406931,0.142343694176492,0.0437021295943318
Resident M2,HALLMARK_UNFOLDED_PROTEIN_RESPONSE,0.0204475094316525,0.115820040598802,0.133479292771328,0.0671846738468582
Resident M2,HALLMARK_ANGIOGENESIS,0.075356528332572,0.0278809014887313,0.05596805039937,0.200049197524179
Resident M2,HALLMARK_INTERFERON_ALPHA_RESPONSE,0.0782801207703308,0.124070140038509,0.146123896068833,0.200049197524179
Resident M2,HALLMARK_REACTIVE_OXYGEN_SPECIES_PATHWAY,0.116263427447673,0.140373573158077,0.151131096506399,0.267405883129648
Resident M2,HALLMARK_EPITHELIAL_MESENCHYMAL_TRANSITION,0.130458967077695,0.0877384780278671,0.0951107538406574,0.272777840253362
Resident M2,HALLMARK_P53_PATHWAY,0.209726530348016,0.116087888531618,0.121239728474455,0.401975849833698
Resident M2,HALLMARK_TNFA_SIGNALING_VIA_NFKB,0.264074007335256,0.191554126473741,0.214269381922115,0.467207859131606
Resident M2,HALLMARK_INFLAMMATORY_RESPONSE,0.303761568998396,0.136961414790997,0.14049660593069,0.499036863354507
Resident M2,HALLMARK_TGF_BETA_SIGNALING,0.424013695766772,0.116896183110105,0.122832170030812,0.609519687664734
Resident M2,HALLMARK_G2M_CHECKPOINT,0.423288189149421,0.0596927474097893,0.0569685602000715,0.609519687664734
Resident M2,HALLMARK_MYC_TARGETS_V1,0.49523248200548,0.170555555555556,0.181114683815648,0.670020416830943
Resident M2,HALLMARK_KRAS_SIGNALING_UP,0.607462291220636,0.0996248660235799,0.0983797784923187,0.776201816559701
Resident M2,HALLMARK_NOTCH_SIGNALING,0.768698176509011,0.0247830299966296,0.0286168688911358,0.93052937156354
Resident M2,HALLMARK_MYC_TARGETS_V2,0.812510710061307,0.0364818440830588,0.0387623257395444,0.934387316570503
Resident M2,HALLMARK_IL2_STAT5_SIGNALING,0.935721076110153,0.099359296482412,0.101555994256999,0.978253852296978
Resident M2,HALLMARK_IL6_JAK_STAT3_SIGNALING,0.894592913778482,0.148087185802703,0.15326196791714,0.978253852296978
Resident M2,HALLMARK_PI3K_AKT_MTOR_SIGNALING,0.995203858945718,0.162200941191957,0.161898180142824,0.995203858945718
SPP1+,HALLMARK_EPITHELIAL_MESENCHYMAL_TRANSITION,9.59160556042545e-07,0.0783708467309754,0.103104680242944,2.20606927889785e-05
SPP1+,HALLMARK_ANGIOGENESIS,2.73811190573322e-06,0.0447181910226122,0.0911426107173661,3.1488286915932e-05
SPP1+,HALLMARK_HYPOXIA,3.72893873789828e-05,0.110373347624152,0.141309396212933,0.000285885303238868
SPP1+,HALLMARK_INFLAMMATORY_RESPONSE,6.71917191796521e-05,0.114712397284745,0.145221507681315,0.000386352385282999
SPP1+,HALLMARK_TNFA_SIGNALING_VIA_NFKB,0.000117982107729164,0.186525544837442,0.286078956770275,0.000542717695554152
SPP1+,HALLMARK_GLYCOLYSIS,0.000385032597673816,0.068308324401572,0.0792068595927117,0.00147595829108296
SPP1+,HALLMARK_KRAS_SIGNALING_UP,0.000567056850277949,0.101777420507324,0.113451232583065,0.0018631867937704
SPP1+,HALLMARK_TGF_BETA_SIGNALING,0.00116970149026478,0.115475067597309,0.1415770609319,0.00336289178451125
SPP1+,HALLMARK_REACTIVE_OXYGEN_SPECIES_PATHWAY,0.00151597216086932,0.104074714631615,0.116471809062608,0.00387415107777715
SPP1+,HALLMARK_IL2_STAT5_SIGNALING,0.00355196446455286,0.0968646805455851,0.110676597272075,0.00816951826847157
SPP1+,HALLMARK_NOTCH_SIGNALING,0.00650283286115292,0.0227081226828446,0.0347152005392652,0.013596832346047
SPP1+,HALLMARK_FATTY_ACID_METABOLISM,0.00996472707690917,0.0577929860674838,0.0663632434648167,0.0190990602307426
SPP1+,HALLMARK_MYC_TARGETS_V2,0.0135115619104925,0.0331461266986364,0.0451640891556941,0.0239050710724097
SPP1+,HALLMARK_UNFOLDED_PROTEIN_RESPONSE,0.0221156897189112,0.118190348278844,0.134687444421958,0.0363329188239255
SPP1+,HALLMARK_P53_PATHWAY,0.0298018759248179,0.116907824222937,0.12953018935334,0.0456962097513874
SPP1+,HALLMARK_OXIDATIVE_PHOSPHORYLATION,0.050949392315553,0.0877170418006431,0.100566273669168,0.0732397514536074
SPP1+,HALLMARK_IL6_JAK_STAT3_SIGNALING,0.0676033803361546,0.127443318176077,0.143113711001642,0.0914633969253856
SPP1+,HALLMARK_PI3K_AKT_MTOR_SIGNALING,0.150535525063183,0.144723072366473,0.146161187349854,0.192350948691845
SPP1+,HALLMARK_INTERFERON_ALPHA_RESPONSE,0.343011224821359,0.135789750403206,0.13989996234378,0.415224114257435
SPP1+,HALLMARK_COMPLEMENT,0.36282404272337,0.158008217220436,0.171586280814577,0.417247649131875
SPP1+,HALLMARK_G2M_CHECKPOINT,0.6915961051319,0.0560718113612004,0.0579439085387639,0.757462400858747
SPP1+,HALLMARK_MYC_TARGETS_V1,0.780155238441082,0.158520900321543,0.156700607359771,0.780155238441082
SPP1+,HALLMARK_ALLOGRAFT_REJECTION,0.752427456880563,0.176254019292605,0.177518756698821,0.780155238441082
Stress-response,HALLMARK_KRAS_SIGNALING_UP,0.00442486043777363,0.0870292961772061,0.120332261521972,0.101771790068793
Stress-response,HALLMARK_INFLAMMATORY_RESPONSE,0.0202968418257228,0.137933190425152,0.167182922472312,0.155609120663875
Stress-response,HALLMARK_IL6_JAK_STAT3_SIGNALING,0.0156776769274002,0.11022562207907,0.167696886446886,0.155609120663875
Stress-response,HALLMARK_INTERFERON_ALPHA_RESPONSE,0.0328219839864638,0.102758850987943,0.19055468322593,0.188726407922167
Stress-response,HALLMARK_MYC_TARGETS_V1,0.095196938401338,0.185200071454091,0.166888174347981,0.437905916646155
Stress-response,HALLMARK_EPITHELIAL_MESENCHYMAL_TRANSITION,0.17631396673668,0.103762057877813,0.108972847445516,0.506902654367956
Stress-response,HALLMARK_COMPLEMENT,0.156231311329245,0.182566988210075,0.191716684530189,0.506902654367956
Stress-response,HALLMARK_ALLOGRAFT_REJECTION,0.170888219021056,0.168142193640586,0.195162558056449,0.506902654367956
Stress-response,HALLMARK_ANGIOGENESIS,0.268756067630807,0.0993456331795852,0.110464244196948,0.616554353703861
Stress-response,HALLMARK_TNFA_SIGNALING_VIA_NFKB,0.296833783129542,0.265344765987853,0.293301178992497,0.616554353703861
Stress-response,HALLMARK_UNFOLDED_PROTEIN_RESPONSE,0.321680532367232,0.148762104514317,0.133427164400616,0.616554353703861
Stress-response,HALLMARK_MYC_TARGETS_V2,0.264259870098994,0.0588293918324755,0.0524452156784579,0.616554353703861
Stress-response,HALLMARK_TGF_BETA_SIGNALING,0.513299524263396,0.11226812551091,0.133018927246432,0.697079034551495
Stress-response,HALLMARK_IL2_STAT5_SIGNALING,0.539604284158037,0.121669059583633,0.122494615936827,0.697079034551495
Stress-response,HALLMARK_FATTY_ACID_METABOLISM,0.513299542238498,0.089137805818062,0.0766355223468293,0.697079034551495
Stress-response,HALLMARK_P53_PATHWAY,0.545540113996823,0.135085744908896,0.139237227581279,0.697079034551495
Stress-response,HALLMARK_G2M_CHECKPOINT,0.41513122667838,0.0463612004287245,0.054215791354055,0.697079034551495
Stress-response,HALLMARK_NOTCH_SIGNALING,0.439871859770005,0.0483969497809235,0.0329878665318504,0.697079034551495
Stress-response,HALLMARK_REACTIVE_OXYGEN_SPECIES_PATHWAY,0.689166737280134,0.158989968868903,0.147001037703217,0.754801680129974
Stress-response,HALLMARK_OXIDATIVE_PHOSPHORYLATION,0.650033565661584,0.111530903894248,0.12444980350125,0.754801680129974
Stress-response,HALLMARK_PI3K_AKT_MTOR_SIGNALING,0.68916675142302,0.141813933590022,0.146950998782374,0.754801680129974
Stress-response,HALLMARK_HYPOXIA,0.829831331026562,0.154498035012504,0.165330475169703,0.867550936982315
Stress-response,HALLMARK_GLYCOLYSIS,0.908507440646255,0.0946355841371919,0.0922740264380135,0.908507440646255
